[0m15:09:04.843303 [debug] [MainThread]: Sending event: {'category': 'dbt', 'action': 'invocation', 'label': 'start', 'context': [<snowplow_tracker.self_describing_json.SelfDescribingJson object at 0xffcb39a64a70>, <snowplow_tracker.self_describing_json.SelfDescribingJson object at 0xffcb382a62d0>, <snowplow_tracker.self_describing_json.SelfDescribingJson object at 0xffcb38376e70>]}


============================== 15:09:05.272056 | 20b6834b-6c6c-44b0-b52a-6cdd4f50d3ca ==============================
[0m15:09:05.272056 [info ] [MainThread]: Running with dbt=1.10.11
[0m15:09:05.274800 [debug] [MainThread]: running dbt with arguments {'no_print': 'None', 'cache_selected_only': 'False', 'write_json': 'True', 'use_experimental_parser': 'False', 'static_parser': 'True', 'warn_error': 'None', 'log_path': '/Workspace/Users/scod101@gmail.com/Torn/TornDBT/logs', 'indirect_selection': 'eager', 'warn_error_options': 'WarnErrorOptionsV2(error=[], warn=[], silence=[])', 'version_check': 'True', 'fail_fast': 'False', 'empty': 'False', 'use_colors': 'True', 'target_path': 'None', 'quiet': 'False', 'printer_width': '80', 'log_format': 'default', 'partial_parse': 'True', 'log_cache_events': 'False', 'send_anonymous_usage_stats': 'True', 'debug': 'False', 'profiles_dir': '/Workspace/Users/scod101@gmail.com/Torn/TornDBT', 'introspect': 'True', 'invocation_command': 'dbt run'}
[0m15:09:06.330011 [debug] [MainThread]: Spark adapter: Setting pyhive.hive logging to ERROR
[0m15:09:06.331303 [debug] [MainThread]: Spark adapter: Setting thrift.transport logging to ERROR
[0m15:09:06.332244 [debug] [MainThread]: Spark adapter: Setting thrift.protocol logging to ERROR
[0m15:09:07.098899 [debug] [MainThread]: Sending event: {'category': 'dbt', 'action': 'project_id', 'label': '20b6834b-6c6c-44b0-b52a-6cdd4f50d3ca', 'context': [<snowplow_tracker.self_describing_json.SelfDescribingJson object at 0xffcb37256330>]}
[0m15:09:07.201721 [debug] [MainThread]: Sending event: {'category': 'dbt', 'action': 'adapter_info', 'label': '20b6834b-6c6c-44b0-b52a-6cdd4f50d3ca', 'context': [<snowplow_tracker.self_describing_json.SelfDescribingJson object at 0xffcb3582b980>]}
[0m15:09:07.204586 [info ] [MainThread]: Registered adapter: databricks=1.10.12
[0m15:09:07.478774 [debug] [MainThread]: checksum: 5335e1629744fab92fa7809c625edbb36f0d7063a879d6215c971798f27e66f9, vars: {}, profile: , target: , version: 1.10.11
[0m15:09:07.481687 [info ] [MainThread]: Unable to do partial parsing because saved manifest not found. Starting full parse.
[0m15:09:07.483380 [debug] [MainThread]: Sending event: {'category': 'dbt', 'action': 'partial_parser', 'label': '20b6834b-6c6c-44b0-b52a-6cdd4f50d3ca', 'context': [<snowplow_tracker.self_describing_json.SelfDescribingJson object at 0xffcb2968d5b0>]}
[0m15:09:12.009607 [debug] [MainThread]: Sending event: {'category': 'dbt', 'action': 'load_project', 'label': '20b6834b-6c6c-44b0-b52a-6cdd4f50d3ca', 'context': [<snowplow_tracker.self_describing_json.SelfDescribingJson object at 0xffcb291460c0>]}
[0m15:09:12.361449 [debug] [MainThread]: Wrote artifact WritableManifest to /Workspace/Users/scod101@gmail.com/Torn/TornDBT/target/manifest.json
[0m15:09:12.365825 [debug] [MainThread]: Wrote artifact SemanticManifest to /Workspace/Users/scod101@gmail.com/Torn/TornDBT/target/semantic_manifest.json
[0m15:09:12.385812 [debug] [MainThread]: Sending event: {'category': 'dbt', 'action': 'resource_counts', 'label': '20b6834b-6c6c-44b0-b52a-6cdd4f50d3ca', 'context': [<snowplow_tracker.self_describing_json.SelfDescribingJson object at 0xffcb28b435c0>]}
[0m15:09:12.387041 [info ] [MainThread]: Found 1 model, 1 source, 686 macros
[0m15:09:12.395574 [debug] [MainThread]: Sending event: {'category': 'dbt', 'action': 'runnable_timing', 'label': '20b6834b-6c6c-44b0-b52a-6cdd4f50d3ca', 'context': [<snowplow_tracker.self_describing_json.SelfDescribingJson object at 0xffcb28b2aba0>]}
[0m15:09:12.399006 [info ] [MainThread]: 
[0m15:09:12.411992 [info ] [MainThread]: Concurrency: 1 threads (target='dev')
[0m15:09:12.429536 [info ] [MainThread]: 
[0m15:09:12.432638 [debug] [MainThread]: Databricks adapter: DatabricksDBTConnection(session-id=None, name=master) - Creating connection
[0m15:09:12.435117 [debug] [MainThread]: Acquiring new databricks connection 'master'
[0m15:09:12.437094 [debug] [ThreadPool]: Databricks adapter: DatabricksDBTConnection(session-id=None, name=list_dashboard) - Creating connection
[0m15:09:12.438289 [debug] [ThreadPool]: Acquiring new databricks connection 'list_dashboard'
[0m15:09:12.452119 [debug] [ThreadPool]: Using databricks connection "list_dashboard"
[0m15:09:12.457937 [debug] [ThreadPool]: On list_dashboard: /* {"app": "dbt", "dbt_version": "1.10.11", "dbt_databricks_version": "1.10.12", "databricks_sql_connector_version": "4.0.5", "profile_name": "TornDBT", "target_name": "dev", "connection_name": "list_dashboard"} */

    show databases
  
[0m15:09:12.458963 [debug] [ThreadPool]: Opening a new connection, currently in state init
[0m15:09:12.814901 [debug] [ThreadPool]: Databricks adapter: Connection(session-id=01f08e58-1bff-1674-977b-3b16a2560ae4) - Created
[0m15:09:24.154729 [debug] [ThreadPool]: Databricks adapter: Exception while trying to execute query
/* {"app": "dbt", "dbt_version": "1.10.11", "dbt_databricks_version": "1.10.12", "databricks_sql_connector_version": "4.0.5", "profile_name": "TornDBT", "target_name": "dev", "connection_name": "list_dashboard"} */

    show databases
  
: [NO_SUCH_CATALOG_EXCEPTION] Catalog 'dashboard' was not found. Please verify the catalog name and then retry the query or command again. SQLSTATE: 42704
Error properties: diagnostic-info=org.apache.hive.service.cli.HiveSQLException: Error running query: [NO_SUCH_CATALOG_EXCEPTION] org.apache.spark.sql.catalyst.analysis.NoSuchCatalogException: [NO_SUCH_CATALOG_EXCEPTION] Catalog 'dashboard' was not found. Please verify the catalog name and then retry the query or command again. SQLSTATE: 42704
	at org.apache.spark.sql.hive.thriftserver.HiveThriftServerErrors$.runningQueryError(HiveThriftServerErrors.scala:49)
	at org.apache.spark.sql.hive.thriftserver.SparkExecuteStatementOperation.$anonfun$execute$1(SparkExecuteStatementOperation.scala:1036)
	at scala.runtime.java8.JFunction0$mcV$sp.apply(JFunction0$mcV$sp.scala:18)
	at com.databricks.unity.UCSEphemeralState$Handle.runWith(UCSEphemeralState.scala:51)
	at com.databricks.unity.HandleImpl.runWith(UCSHandle.scala:104)
	at org.apache.spark.sql.hive.thriftserver.SparkExecuteStatementOperation.org$apache$spark$sql$hive$thriftserver$SparkExecuteStatementOperation$$execute(SparkExecuteStatementOperation.scala:785)
	at org.apache.spark.sql.hive.thriftserver.SparkExecuteStatementOperation$$anon$2$$anon$3.$anonfun$run$5(SparkExecuteStatementOperation.scala:572)
	at scala.runtime.java8.JFunction0$mcV$sp.apply(JFunction0$mcV$sp.scala:18)
	at org.apache.spark.sql.execution.SQLExecution$.withRootExecution(SQLExecution.scala:746)
	at org.apache.spark.sql.hive.thriftserver.SparkExecuteStatementOperation$$anon$2$$anon$3.$anonfun$run$2(SparkExecuteStatementOperation.scala:572)
	at scala.runtime.java8.JFunction0$mcV$sp.apply(JFunction0$mcV$sp.scala:18)
	at com.databricks.logging.AttributionContextTracing.$anonfun$withAttributionContext$1(AttributionContextTracing.scala:49)
	at com.databricks.logging.AttributionContext$.$anonfun$withValue$1(AttributionContext.scala:293)
	at scala.util.DynamicVariable.withValue(DynamicVariable.scala:59)
	at com.databricks.logging.AttributionContext$.withValue(AttributionContext.scala:289)
	at com.databricks.logging.AttributionContextTracing.withAttributionContext(AttributionContextTracing.scala:47)
	at com.databricks.logging.AttributionContextTracing.withAttributionContext$(AttributionContextTracing.scala:44)
	at com.databricks.spark.util.DatabricksTracingHelper.withAttributionContext(DatabricksSparkTracingHelper.scala:18)
	at com.databricks.spark.util.DatabricksTracingHelper.withSpanFromRequest(DatabricksSparkTracingHelper.scala:42)
	at com.databricks.spark.util.DBRTracing$.withSpanFromRequest(DBRTracing.scala:43)
	at org.apache.spark.sql.hive.thriftserver.ThriftLocalProperties.$anonfun$withLocalProperties$15(ThriftLocalProperties.scala:236)
	at com.databricks.logging.AttributionContextTracing.$anonfun$withAttributionContext$1(AttributionContextTracing.scala:49)
	at com.databricks.logging.AttributionContext$.$anonfun$withValue$1(AttributionContext.scala:293)
	at scala.util.DynamicVariable.withValue(DynamicVariable.scala:59)
	at com.databricks.logging.AttributionContext$.withValue(AttributionContext.scala:289)
	at com.databricks.logging.AttributionContextTracing.withAttributionContext(AttributionContextTracing.scala:47)
	at com.databricks.logging.AttributionContextTracing.withAttributionContext$(AttributionContextTracing.scala:44)
	at com.databricks.spark.util.PublicDBLogging.withAttributionContext(DatabricksSparkUsageLogger.scala:30)
	at com.databricks.logging.AttributionContextTracing.withAttributionTags(AttributionContextTracing.scala:96)
	at com.databricks.logging.AttributionContextTracing.withAttributionTags$(AttributionContextTracing.scala:77)
	at com.databricks.spark.util.PublicDBLogging.withAttributionTags(DatabricksSparkUsageLogger.scala:30)
	at com.databricks.spark.util.PublicDBLogging.withAttributionTags0(DatabricksSparkUsageLogger.scala:124)
	at com.databricks.spark.util.DatabricksSparkUsageLogger.withAttributionTags(DatabricksSparkUsageLogger.scala:232)
	at com.databricks.spark.util.UsageLogging.$anonfun$withAttributionTags$1(UsageLogger.scala:668)
	at com.databricks.spark.util.UsageLogging$.withAttributionTags(UsageLogger.scala:780)
	at com.databricks.spark.util.UsageLogging$.withAttributionTags(UsageLogger.scala:789)
	at com.databricks.spark.util.UsageLogging.withAttributionTags(UsageLogger.scala:668)
	at com.databricks.spark.util.UsageLogging.withAttributionTags$(UsageLogger.scala:666)
	at org.apache.spark.sql.hive.thriftserver.SparkExecuteStatementOperation.withAttributionTags(SparkExecuteStatementOperation.scala:75)
	at org.apache.spark.sql.hive.thriftserver.ThriftLocalProperties.$anonfun$withLocalProperties$12(ThriftLocalProperties.scala:233)
	at com.databricks.spark.util.IdentityClaim$.withClaim(IdentityClaim.scala:48)
	at org.apache.spark.sql.hive.thriftserver.ThriftLocalProperties.withLocalProperties(ThriftLocalProperties.scala:229)
	at org.apache.spark.sql.hive.thriftserver.ThriftLocalProperties.withLocalProperties$(ThriftLocalProperties.scala:89)
	at org.apache.spark.sql.hive.thriftserver.SparkExecuteStatementOperation.withLocalProperties(SparkExecuteStatementOperation.scala:75)
	at org.apache.spark.sql.hive.thriftserver.SparkExecuteStatementOperation$$anon$2$$anon$3.run(SparkExecuteStatementOperation.scala:549)
	at org.apache.spark.sql.hive.thriftserver.SparkExecuteStatementOperation$$anon$2$$anon$3.run(SparkExecuteStatementOperation.scala:535)
	at java.base/java.security.AccessController.doPrivileged(AccessController.java:712)
	at java.base/javax.security.auth.Subject.doAs(Subject.java:439)
	at org.apache.hadoop.security.UserGroupInformation.doAs(UserGroupInformation.java:1953)
	at org.apache.spark.sql.hive.thriftserver.SparkExecuteStatementOperation$$anon$2.run(SparkExecuteStatementOperation.scala:585)
	at java.base/java.util.concurrent.Executors$RunnableAdapter.call(Executors.java:539)
	at java.base/java.util.concurrent.FutureTask.run(FutureTask.java:264)
	at java.base/java.util.concurrent.ThreadPoolExecutor.runWorker(ThreadPoolExecutor.java:1136)
	at java.base/java.util.concurrent.ThreadPoolExecutor$Worker.run(ThreadPoolExecutor.java:635)
	at java.base/java.lang.Thread.run(Thread.java:840)
Caused by: org.apache.spark.sql.catalyst.analysis.NoSuchCatalogException: [NO_SUCH_CATALOG_EXCEPTION] Catalog 'dashboard' was not found. Please verify the catalog name and then retry the query or command again. SQLSTATE: 42704
	at com.databricks.managedcatalog.ManagedCatalogClientImpl.$anonfun$listSchemasProto$1(ManagedCatalogClientImpl.scala:1191)
	at com.databricks.managedcatalog.ManagedCatalogClientImpl.$anonfun$recordAndWrapExceptionBase$2(ManagedCatalogClientImpl.scala:7443)
	at com.databricks.spark.util.FrameProfiler$.record(FrameProfiler.scala:94)
	at com.databricks.managedcatalog.ManagedCatalogClientImpl.$anonfun$recordAndWrapExceptionBase$1(ManagedCatalogClientImpl.scala:7442)
	at com.databricks.managedcatalog.ErrorDetailsHandler.wrapServiceException(ErrorDetailsHandler.scala:74)
	at com.databricks.managedcatalog.ErrorDetailsHandler.wrapServiceException$(ErrorDetailsHandler.scala:66)
	at com.databricks.managedcatalog.ManagedCatalogClientImpl.wrapServiceException(ManagedCatalogClientImpl.scala:267)
	at com.databricks.managedcatalog.ManagedCatalogClientImpl.recordAndWrapExceptionBase(ManagedCatalogClientImpl.scala:7423)
	at com.databricks.managedcatalog.ManagedCatalogClientImpl.recordAndWrapException(ManagedCatalogClientImpl.scala:7409)
	at com.databricks.managedcatalog.ManagedCatalogClientImpl.listSchemasProto(ManagedCatalogClientImpl.scala:1157)
	at com.databricks.managedcatalog.ManagedCatalogClientImpl.listSchemas(ManagedCatalogClientImpl.scala:1143)
	at com.databricks.sql.managedcatalog.ManagedCatalogCommon.listSchemas(ManagedCatalogCommon.scala:827)
	at com.databricks.sql.managedcatalog.ProfiledManagedCatalog.$anonfun$listSchemas$1(ProfiledManagedCatalog.scala:168)
	at org.apache.spark.sql.catalyst.MetricKeyUtils$.measure(MetricKey.scala:1729)
	at com.databricks.sql.managedcatalog.ProfiledManagedCatalog.$anonfun$profile$1(ProfiledManagedCatalog.scala:64)
	at com.databricks.spark.util.FrameProfiler$.record(FrameProfiler.scala:94)
	at com.databricks.sql.managedcatalog.ProfiledManagedCatalog.profile(ProfiledManagedCatalog.scala:63)
	at com.databricks.sql.managedcatalog.ProfiledManagedCatalog.listSchemas(ProfiledManagedCatalog.scala:168)
	at com.databricks.sql.managedcatalog.ManagedCatalogSessionCatalog.listDatabasesWithCatalog(ManagedCatalogSessionCatalog.scala:928)
	at com.databricks.sql.managedcatalog.UnityCatalogV2Proxy.listNamespaces(UnityCatalogV2Proxy.scala:141)
	at org.apache.spark.sql.execution.command.ShowNamespacesCommand.run(ShowNamespacesCommand.scala:44)
	at org.apache.spark.sql.execution.command.ExecutedCommandExec.$anonfun$sideEffectResult$2(commands.scala:86)
	at org.apache.spark.sql.execution.SparkPlan.runCommandInAetherOrSpark(SparkPlan.scala:195)
	at org.apache.spark.sql.execution.command.ExecutedCommandExec.$anonfun$sideEffectResult$1(commands.scala:86)
	at com.databricks.spark.util.FrameProfiler$.record(FrameProfiler.scala:94)
	at org.apache.spark.sql.execution.command.ExecutedCommandExec.sideEffectResult$lzycompute(commands.scala:83)
	at org.apache.spark.sql.execution.command.ExecutedCommandExec.sideEffectResult(commands.scala:82)
	at org.apache.spark.sql.execution.command.ExecutedCommandExec.executeCollect(commands.scala:96)
	at org.apache.spark.sql.execution.QueryExecution.$anonfun$eagerlyExecuteCommands$5(QueryExecution.scala:480)
	at com.databricks.util.LexicalThreadLocal$Handle.runWith(LexicalThreadLocal.scala:63)
	at org.apache.spark.sql.execution.QueryExecution.$anonfun$eagerlyExecuteCommands$4(QueryExecution.scala:480)
	at org.apache.spark.sql.catalyst.QueryPlanningTracker$.withTracker(QueryPlanningTracker.scala:246)
	at org.apache.spark.sql.execution.QueryExecution.$anonfun$eagerlyExecuteCommands$3(QueryExecution.scala:479)
	at org.apache.spark.sql.execution.SQLExecution$.$anonfun$withNewExecutionId0$13(SQLExecution.scala:524)
	at com.databricks.sql.util.MemoryTrackerHelper.withMemoryTracking(MemoryTrackerHelper.scala:111)
	at org.apache.spark.sql.execution.SQLExecution$.$anonfun$withNewExecutionId0$12(SQLExecution.scala:444)
	at org.apache.spark.sql.execution.SQLExecution$.withSessionTagsApplied(SQLExecution.scala:819)
	at org.apache.spark.sql.execution.SQLExecution$.$anonfun$withNewExecutionId0$11(SQLExecution.scala:373)
	at org.apache.spark.JobArtifactSet$.withActiveJobArtifactState(JobArtifactSet.scala:97)
	at org.apache.spark.sql.artifact.ArtifactManager.$anonfun$withResources$1(ArtifactManager.scala:121)
	at org.apache.spark.sql.artifact.ArtifactManager.withClassLoaderIfNeeded(ArtifactManager.scala:115)
	at org.apache.spark.sql.artifact.ArtifactManager.withResources(ArtifactManager.scala:120)
	at org.apache.spark.sql.execution.SQLExecution$.$anonfun$withNewExecutionId0$10(SQLExecution.scala:373)
	at org.apache.spark.sql.execution.SQLExecution$.withSQLConfPropagated(SQLExecution.scala:848)
	at org.apache.spark.sql.execution.SQLExecution$.$anonfun$withNewExecutionId0$1(SQLExecution.scala:372)
	at org.apache.spark.sql.SparkSession.withActive(SparkSession.scala:860)
	at org.apache.spark.sql.execution.SQLExecution$.withNewExecutionId0(SQLExecution.scala:238)
	at org.apache.spark.sql.execution.SQLExecution$.withNewExecutionId(SQLExecution.scala:772)
	at org.apache.spark.sql.execution.QueryExecution.$anonfun$eagerlyExecuteCommands$2(QueryExecution.scala:475)
	at org.apache.spark.sql.execution.QueryExecution$.withInternalError(QueryExecution.scala:1374)
	at org.apache.spark.sql.execution.QueryExecution.$anonfun$eagerlyExecuteCommands$1(QueryExecution.scala:471)
	at org.apache.spark.sql.execution.QueryExecution.withMVTagsIfNecessary(QueryExecution.scala:400)
	at org.apache.spark.sql.execution.QueryExecution.org$apache$spark$sql$execution$QueryExecution$$eagerlyExecute$1(QueryExecution.scala:469)
	at org.apache.spark.sql.execution.QueryExecution$$anonfun$$nestedInanonfun$eagerlyExecuteCommands$8$1.applyOrElse(QueryExecution.scala:551)
	at org.apache.spark.sql.execution.QueryExecution$$anonfun$$nestedInanonfun$eagerlyExecuteCommands$8$1.applyOrElse(QueryExecution.scala:543)
	at org.apache.spark.sql.catalyst.trees.TreeNode.$anonfun$transformDownWithPruning$1(TreeNode.scala:521)
	at org.apache.spark.sql.catalyst.trees.CurrentOrigin$.withOrigin(origin.scala:121)
	at org.apache.spark.sql.catalyst.trees.TreeNode.transformDownWithPruning(TreeNode.scala:521)
	at org.apache.spark.sql.catalyst.plans.logical.LogicalPlan.org$apache$spark$sql$catalyst$plans$logical$AnalysisHelper$$super$transformDownWithPruning(LogicalPlan.scala:42)
	at org.apache.spark.sql.catalyst.plans.logical.AnalysisHelper.transformDownWithPruning(AnalysisHelper.scala:361)
	at org.apache.spark.sql.catalyst.plans.logical.AnalysisHelper.transformDownWithPruning$(AnalysisHelper.scala:357)
	at org.apache.spark.sql.catalyst.plans.logical.LogicalPlan.transformDownWithPruning(LogicalPlan.scala:42)
	at org.apache.spark.sql.catalyst.plans.logical.LogicalPlan.transformDownWithPruning(LogicalPlan.scala:42)
	at org.apache.spark.sql.catalyst.trees.TreeNode.transformDown(TreeNode.scala:497)
	at org.apache.spark.sql.execution.QueryExecution.$anonfun$eagerlyExecuteCommands$8(QueryExecution.scala:543)
	at org.apache.spark.sql.catalyst.plans.logical.AnalysisHelper$.allowInvokingTransformsInAnalyzer(AnalysisHelper.scala:418)
	at org.apache.spark.sql.execution.QueryExecution.eagerlyExecuteCommands(QueryExecution.scala:543)
	at org.apache.spark.sql.execution.QueryExecution.$anonfun$lazyCommandExecuted$1(QueryExecution.scala:356)
	at scala.util.Try$.apply(Try.scala:217)
	at org.apache.spark.util.Utils$.doTryWithCallerStacktrace(Utils.scala:1687)
	at org.apache.spark.util.Utils$.getTryWithCallerStacktrace(Utils.scala:1748)
	at org.apache.spark.util.LazyTry.get(LazyTry.scala:58)
	at org.apache.spark.sql.execution.QueryExecution.commandExecuted(QueryExecution.scala:361)
	at org.apache.spark.sql.classic.Dataset.<init>(Dataset.scala:428)
	at org.apache.spark.sql.classic.Dataset.<init>(Dataset.scala:408)
	at org.apache.spark.sql.hive.thriftserver.SparkExecuteStatementOperation.$anonfun$analyzeQuery$2(SparkExecuteStatementOperation.scala:780)
	at org.apache.spark.sql.SparkSession.withActive(SparkSession.scala:860)
	at org.apache.spark.sql.hive.thriftserver.SparkExecuteStatementOperation.$anonfun$analyzeQuery$1(SparkExecuteStatementOperation.scala:698)
	at org.apache.spark.sql.hive.thriftserver.SparkExecuteStatementOperation.getOrCreateDF(SparkExecuteStatementOperation.scala:684)
	at org.apache.spark.sql.hive.thriftserver.SparkExecuteStatementOperation.analyzeQuery(SparkExecuteStatementOperation.scala:698)
	at org.apache.spark.sql.hive.thriftserver.SparkExecuteStatementOperation.$anonfun$execute$5(SparkExecuteStatementOperation.scala:845)
	at org.apache.spark.util.Utils$.timeTakenMs(Utils.scala:585)
	at org.apache.spark.sql.hive.thriftserver.SparkExecuteStatementOperation.$anonfun$execute$1(SparkExecuteStatementOperation.scala:845)
	... 53 more
	Suppressed: org.apache.spark.util.Utils$OriginalTryStackTraceException: Full stacktrace of original doTryWithCallerStacktrace caller
		at com.databricks.managedcatalog.ManagedCatalogClientImpl.$anonfun$listSchemasProto$1(ManagedCatalogClientImpl.scala:1191)
		at com.databricks.managedcatalog.ManagedCatalogClientImpl.$anonfun$recordAndWrapExceptionBase$2(ManagedCatalogClientImpl.scala:7443)
		at com.databricks.spark.util.FrameProfiler$.record(FrameProfiler.scala:94)
		at com.databricks.managedcatalog.ManagedCatalogClientImpl.$anonfun$recordAndWrapExceptionBase$1(ManagedCatalogClientImpl.scala:7442)
		at com.databricks.managedcatalog.ErrorDetailsHandler.wrapServiceException(ErrorDetailsHandler.scala:74)
		at com.databricks.managedcatalog.ErrorDetailsHandler.wrapServiceException$(ErrorDetailsHandler.scala:66)
		at com.databricks.managedcatalog.ManagedCatalogClientImpl.wrapServiceException(ManagedCatalogClientImpl.scala:267)
		at com.databricks.managedcatalog.ManagedCatalogClientImpl.recordAndWrapExceptionBase(ManagedCatalogClientImpl.scala:7423)
		at com.databricks.managedcatalog.ManagedCatalogClientImpl.recordAndWrapException(ManagedCatalogClientImpl.scala:7409)
		at com.databricks.managedcatalog.ManagedCatalogClientImpl.listSchemasProto(ManagedCatalogClientImpl.scala:1157)
		at com.databricks.managedcatalog.ManagedCatalogClientImpl.listSchemas(ManagedCatalogClientImpl.scala:1143)
		at com.databricks.sql.managedcatalog.ManagedCatalogCommon.listSchemas(ManagedCatalogCommon.scala:827)
		at com.databricks.sql.managedcatalog.ProfiledManagedCatalog.$anonfun$listSchemas$1(ProfiledManagedCatalog.scala:168)
		at org.apache.spark.sql.catalyst.MetricKeyUtils$.measure(MetricKey.scala:1729)
		at com.databricks.sql.managedcatalog.ProfiledManagedCatalog.$anonfun$profile$1(ProfiledManagedCatalog.scala:64)
		at com.databricks.spark.util.FrameProfiler$.record(FrameProfiler.scala:94)
		at com.databricks.sql.managedcatalog.ProfiledManagedCatalog.profile(ProfiledManagedCatalog.scala:63)
		at com.databricks.sql.managedcatalog.ProfiledManagedCatalog.listSchemas(ProfiledManagedCatalog.scala:168)
		at com.databricks.sql.managedcatalog.ManagedCatalogSessionCatalog.listDatabasesWithCatalog(ManagedCatalogSessionCatalog.scala:928)
		at com.databricks.sql.managedcatalog.UnityCatalogV2Proxy.listNamespaces(UnityCatalogV2Proxy.scala:141)
		at org.apache.spark.sql.execution.command.ShowNamespacesCommand.run(ShowNamespacesCommand.scala:44)
		at org.apache.spark.sql.execution.command.ExecutedCommandExec.$anonfun$sideEffectResult$2(commands.scala:86)
		at org.apache.spark.sql.execution.SparkPlan.runCommandInAetherOrSpark(SparkPlan.scala:195)
		at org.apache.spark.sql.execution.command.ExecutedCommandExec.$anonfun$sideEffectResult$1(commands.scala:86)
		at com.databricks.spark.util.FrameProfiler$.record(FrameProfiler.scala:94)
		at org.apache.spark.sql.execution.command.ExecutedCommandExec.sideEffectResult$lzycompute(commands.scala:83)
		at org.apache.spark.sql.execution.command.ExecutedCommandExec.sideEffectResult(commands.scala:82)
		at org.apache.spark.sql.execution.command.ExecutedCommandExec.executeCollect(commands.scala:96)
		at org.apache.spark.sql.execution.QueryExecution.$anonfun$eagerlyExecuteCommands$5(QueryExecution.scala:480)
		at com.databricks.util.LexicalThreadLocal$Handle.runWith(LexicalThreadLocal.scala:63)
		at org.apache.spark.sql.execution.QueryExecution.$anonfun$eagerlyExecuteCommands$4(QueryExecution.scala:480)
		at org.apache.spark.sql.catalyst.QueryPlanningTracker$.withTracker(QueryPlanningTracker.scala:246)
		at org.apache.spark.sql.execution.QueryExecution.$anonfun$eagerlyExecuteCommands$3(QueryExecution.scala:479)
		at org.apache.spark.sql.execution.SQLExecution$.$anonfun$withNewExecutionId0$13(SQLExecution.scala:524)
		at com.databricks.sql.util.MemoryTrackerHelper.withMemoryTracking(MemoryTrackerHelper.scala:111)
		at org.apache.spark.sql.execution.SQLExecution$.$anonfun$withNewExecutionId0$12(SQLExecution.scala:444)
		at org.apache.spark.sql.execution.SQLExecution$.withSessionTagsApplied(SQLExecution.scala:819)
		at org.apache.spark.sql.execution.SQLExecution$.$anonfun$withNewExecutionId0$11(SQLExecution.scala:373)
		at org.apache.spark.JobArtifactSet$.withActiveJobArtifactState(JobArtifactSet.scala:97)
		at org.apache.spark.sql.artifact.ArtifactManager.$anonfun$withResources$1(ArtifactManager.scala:121)
		at org.apache.spark.sql.artifact.ArtifactManager.withClassLoaderIfNeeded(ArtifactManager.scala:115)
		at org.apache.spark.sql.artifact.ArtifactManager.withResources(ArtifactManager.scala:120)
		at org.apache.spark.sql.execution.SQLExecution$.$anonfun$withNewExecutionId0$10(SQLExecution.scala:373)
		at org.apache.spark.sql.execution.SQLExecution$.withSQLConfPropagated(SQLExecution.scala:848)
		at org.apache.spark.sql.execution.SQLExecution$.$anonfun$withNewExecutionId0$1(SQLExecution.scala:372)
		at org.apache.spark.sql.SparkSession.withActive(SparkSession.scala:860)
		at org.apache.spark.sql.execution.SQLExecution$.withNewExecutionId0(SQLExecution.scala:238)
		at org.apache.spark.sql.execution.SQLExecution$.withNewExecutionId(SQLExecution.scala:772)
		at org.apache.spark.sql.execution.QueryExecution.$anonfun$eagerlyExecuteCommands$2(QueryExecution.scala:475)
		at org.apache.spark.sql.execution.QueryExecution$.withInternalError(QueryExecution.scala:1374)
		at org.apache.spark.sql.execution.QueryExecution.$anonfun$eagerlyExecuteCommands$1(QueryExecution.scala:471)
		at org.apache.spark.sql.execution.QueryExecution.withMVTagsIfNecessary(QueryExecution.scala:400)
		at org.apache.spark.sql.execution.QueryExecution.org$apache$spark$sql$execution$QueryExecution$$eagerlyExecute$1(QueryExecution.scala:469)
		at org.apache.spark.sql.execution.QueryExecution$$anonfun$$nestedInanonfun$eagerlyExecuteCommands$8$1.applyOrElse(QueryExecution.scala:551)
		at org.apache.spark.sql.execution.QueryExecution$$anonfun$$nestedInanonfun$eagerlyExecuteCommands$8$1.applyOrElse(QueryExecution.scala:543)
		at org.apache.spark.sql.catalyst.trees.TreeNode.$anonfun$transformDownWithPruning$1(TreeNode.scala:521)
		at org.apache.spark.sql.catalyst.trees.CurrentOrigin$.withOrigin(origin.scala:121)
		at org.apache.spark.sql.catalyst.trees.TreeNode.transformDownWithPruning(TreeNode.scala:521)
		at org.apache.spark.sql.catalyst.plans.logical.LogicalPlan.org$apache$spark$sql$catalyst$plans$logical$AnalysisHelper$$super$transformDownWithPruning(LogicalPlan.scala:42)
		at org.apache.spark.sql.catalyst.plans.logical.AnalysisHelper.transformDownWithPruning(AnalysisHelper.scala:361)
		at org.apache.spark.sql.catalyst.plans.logical.AnalysisHelper.transformDownWithPruning$(AnalysisHelper.scala:357)
		at org.apache.spark.sql.catalyst.plans.logical.LogicalPlan.transformDownWithPruning(LogicalPlan.scala:42)
		at org.apache.spark.sql.catalyst.plans.logical.LogicalPlan.transformDownWithPruning(LogicalPlan.scala:42)
		at org.apache.spark.sql.catalyst.trees.TreeNode.transformDown(TreeNode.scala:497)
		at org.apache.spark.sql.execution.QueryExecution.$anonfun$eagerlyExecuteCommands$8(QueryExecution.scala:543)
		at org.apache.spark.sql.catalyst.plans.logical.AnalysisHelper$.allowInvokingTransformsInAnalyzer(AnalysisHelper.scala:418)
		at org.apache.spark.sql.execution.QueryExecution.eagerlyExecuteCommands(QueryExecution.scala:543)
		at org.apache.spark.sql.execution.QueryExecution.$anonfun$lazyCommandExecuted$1(QueryExecution.scala:356)
		at scala.util.Try$.apply(Try.scala:217)
		at org.apache.spark.util.Utils$.doTryWithCallerStacktrace(Utils.scala:1687)
		at org.apache.spark.util.LazyTry.tryT$lzycompute(LazyTry.scala:46)
		at org.apache.spark.util.LazyTry.tryT(LazyTry.scala:46)
		... 65 more
, operation-id=01f08e58-1c1b-1709-ac38-3bcecbedf1ef
[0m15:09:24.211306 [debug] [ThreadPool]: Databricks adapter: Exception while trying to execute query
macro list_schemas
: Database Error
  [NO_SUCH_CATALOG_EXCEPTION] Catalog 'dashboard' was not found. Please verify the catalog name and then retry the query or command again. SQLSTATE: 42704
[0m15:09:24.252582 [debug] [ThreadPool]: On list_dashboard: Close
[0m15:09:24.253525 [debug] [ThreadPool]: Databricks adapter: Connection(session-id=01f08e58-1bff-1674-977b-3b16a2560ae4) - Closing
[0m15:09:24.318700 [info ] [MainThread]: 
[0m15:09:24.344789 [info ] [MainThread]: Finished running  in 0 hours 0 minutes and 11.89 seconds (11.89s).
[0m15:09:24.345899 [error] [MainThread]: Encountered an error:
Database Error
  Database Error
    [NO_SUCH_CATALOG_EXCEPTION] Catalog 'dashboard' was not found. Please verify the catalog name and then retry the query or command again. SQLSTATE: 42704
[0m15:09:24.347652 [debug] [MainThread]: Resource report: {"command_name": "run", "command_success": false, "command_wall_clock_time": 20.315622, "process_in_blocks": "27496", "process_kernel_time": 0.376703, "process_mem_max_rss": "227428", "process_out_blocks": "0", "process_user_time": 4.763732}
[0m15:09:24.351126 [debug] [MainThread]: Command `dbt run` failed at 15:09:24.351008 after 20.32 seconds
[0m15:09:24.352360 [debug] [MainThread]: Sending event: {'category': 'dbt', 'action': 'invocation', 'label': 'end', 'context': [<snowplow_tracker.self_describing_json.SelfDescribingJson object at 0xffcb37b50f80>, <snowplow_tracker.self_describing_json.SelfDescribingJson object at 0xffcb28b2b8f0>, <snowplow_tracker.self_describing_json.SelfDescribingJson object at 0xffcb29017c50>]}
[0m15:09:24.353349 [debug] [MainThread]: Flushing usage events
[0m15:09:24.637993 [debug] [MainThread]: An error was encountered while trying to flush usage events
[0m15:10:04.389519 [debug] [MainThread]: Sending event: {'category': 'dbt', 'action': 'invocation', 'label': 'start', 'context': [<snowplow_tracker.self_describing_json.SelfDescribingJson object at 0xffc258ba7620>, <snowplow_tracker.self_describing_json.SelfDescribingJson object at 0xffc258c9b140>, <snowplow_tracker.self_describing_json.SelfDescribingJson object at 0xffc258b23080>]}


============================== 15:10:04.393490 | 20817681-17f1-4982-8c1a-7e8dfb21ac65 ==============================
[0m15:10:04.393490 [info ] [MainThread]: Running with dbt=1.10.11
[0m15:10:04.396014 [debug] [MainThread]: running dbt with arguments {'log_cache_events': 'False', 'log_path': '/Workspace/Users/scod101@gmail.com/Torn/TornDBT/logs', 'use_colors': 'True', 'cache_selected_only': 'False', 'log_format': 'default', 'fail_fast': 'False', 'target_path': 'None', 'debug': 'False', 'quiet': 'False', 'printer_width': '80', 'send_anonymous_usage_stats': 'True', 'static_parser': 'True', 'no_print': 'None', 'version_check': 'True', 'empty': 'False', 'partial_parse': 'True', 'warn_error': 'None', 'warn_error_options': 'WarnErrorOptionsV2(error=[], warn=[], silence=[])', 'use_experimental_parser': 'False', 'invocation_command': 'dbt run', 'profiles_dir': '/Workspace/Users/scod101@gmail.com/Torn/TornDBT', 'write_json': 'True', 'indirect_selection': 'eager', 'introspect': 'True'}
[0m15:10:05.345893 [debug] [MainThread]: Spark adapter: Setting pyhive.hive logging to ERROR
[0m15:10:05.347206 [debug] [MainThread]: Spark adapter: Setting thrift.transport logging to ERROR
[0m15:10:05.348578 [debug] [MainThread]: Spark adapter: Setting thrift.protocol logging to ERROR
[0m15:10:06.010788 [debug] [MainThread]: Sending event: {'category': 'dbt', 'action': 'project_id', 'label': '20817681-17f1-4982-8c1a-7e8dfb21ac65', 'context': [<snowplow_tracker.self_describing_json.SelfDescribingJson object at 0xffc24c7463f0>]}
[0m15:10:06.230411 [debug] [MainThread]: Sending event: {'category': 'dbt', 'action': 'adapter_info', 'label': '20817681-17f1-4982-8c1a-7e8dfb21ac65', 'context': [<snowplow_tracker.self_describing_json.SelfDescribingJson object at 0xffc256703e30>]}
[0m15:10:06.231963 [info ] [MainThread]: Registered adapter: databricks=1.10.12
[0m15:10:06.437471 [debug] [MainThread]: checksum: 5335e1629744fab92fa7809c625edbb36f0d7063a879d6215c971798f27e66f9, vars: {}, profile: , target: , version: 1.10.11
[0m15:10:06.776224 [info ] [MainThread]: Unable to do partial parsing because profile has changed
[0m15:10:06.796290 [debug] [MainThread]: Sending event: {'category': 'dbt', 'action': 'partial_parser', 'label': '20817681-17f1-4982-8c1a-7e8dfb21ac65', 'context': [<snowplow_tracker.self_describing_json.SelfDescribingJson object at 0xffc259404470>]}
[0m15:10:08.778991 [debug] [MainThread]: Sending event: {'category': 'dbt', 'action': 'load_project', 'label': '20817681-17f1-4982-8c1a-7e8dfb21ac65', 'context': [<snowplow_tracker.self_describing_json.SelfDescribingJson object at 0xffc2586d92b0>]}
[0m15:10:08.902928 [debug] [MainThread]: Wrote artifact WritableManifest to /Workspace/Users/scod101@gmail.com/Torn/TornDBT/target/manifest.json
[0m15:10:08.952844 [debug] [MainThread]: Wrote artifact SemanticManifest to /Workspace/Users/scod101@gmail.com/Torn/TornDBT/target/semantic_manifest.json
[0m15:10:09.074515 [debug] [MainThread]: Sending event: {'category': 'dbt', 'action': 'resource_counts', 'label': '20817681-17f1-4982-8c1a-7e8dfb21ac65', 'context': [<snowplow_tracker.self_describing_json.SelfDescribingJson object at 0xffc246f6cc50>]}
[0m15:10:09.076341 [info ] [MainThread]: Found 1 model, 1 source, 686 macros
[0m15:10:09.080292 [debug] [MainThread]: Sending event: {'category': 'dbt', 'action': 'runnable_timing', 'label': '20817681-17f1-4982-8c1a-7e8dfb21ac65', 'context': [<snowplow_tracker.self_describing_json.SelfDescribingJson object at 0xffc246b7f410>]}
[0m15:10:09.082902 [info ] [MainThread]: 
[0m15:10:09.084458 [info ] [MainThread]: Concurrency: 1 threads (target='dev')
[0m15:10:09.086006 [info ] [MainThread]: 
[0m15:10:09.087715 [debug] [MainThread]: Databricks adapter: DatabricksDBTConnection(session-id=None, name=master) - Creating connection
[0m15:10:09.088588 [debug] [MainThread]: Acquiring new databricks connection 'master'
[0m15:10:09.090427 [debug] [ThreadPool]: Databricks adapter: DatabricksDBTConnection(session-id=None, name=list_torn) - Creating connection
[0m15:10:09.091813 [debug] [ThreadPool]: Acquiring new databricks connection 'list_torn'
[0m15:10:09.105228 [debug] [ThreadPool]: Using databricks connection "list_torn"
[0m15:10:09.106215 [debug] [ThreadPool]: On list_torn: /* {"app": "dbt", "dbt_version": "1.10.11", "dbt_databricks_version": "1.10.12", "databricks_sql_connector_version": "4.0.5", "profile_name": "TornDBT", "target_name": "dev", "connection_name": "list_torn"} */

    show databases
  
[0m15:10:09.107044 [debug] [ThreadPool]: Opening a new connection, currently in state init
[0m15:10:09.246733 [debug] [ThreadPool]: Databricks adapter: Connection(session-id=01f08e58-3db5-1715-97d7-2b9dbe53f0d7) - Created
[0m15:10:11.006269 [debug] [ThreadPool]: SQL status: OK in 1.900 seconds
[0m15:10:11.020827 [debug] [ThreadPool]: Databricks adapter: Cursor(session-id=01f08e58-3db5-1715-97d7-2b9dbe53f0d7, command-id=01f08e58-3dbe-114f-86e0-14ac4f5d72dc) - Closing
[0m15:10:11.024762 [debug] [ThreadPool]: On list_torn: Close
[0m15:10:11.025577 [debug] [ThreadPool]: Databricks adapter: Connection(session-id=01f08e58-3db5-1715-97d7-2b9dbe53f0d7) - Closing
[0m15:10:11.081879 [debug] [ThreadPool]: Databricks adapter: DatabricksDBTConnection(session-id=None, name=list_torn_user) - Creating connection
[0m15:10:11.082992 [debug] [ThreadPool]: Acquiring new databricks connection 'list_torn_user'
[0m15:10:11.094458 [debug] [ThreadPool]: Using databricks connection "list_torn_user"
[0m15:10:11.095557 [debug] [ThreadPool]: On list_torn_user: /* {"app": "dbt", "dbt_version": "1.10.11", "dbt_databricks_version": "1.10.12", "databricks_sql_connector_version": "4.0.5", "profile_name": "TornDBT", "target_name": "dev", "connection_name": "list_torn_user"} */

    
SELECT
  table_name,
  if(table_type IN ('EXTERNAL', 'MANAGED', 'MANAGED_SHALLOW_CLONE', 'EXTERNAL_SHALLOW_CLONE'), 'table', lower(table_type)) AS table_type,
  lower(data_source_format) AS file_format,
  table_owner,
  if(
    table_type IN (
      'EXTERNAL',
      'MANAGED',
      'MANAGED_SHALLOW_CLONE',
      'EXTERNAL_SHALLOW_CLONE'
    ),
    lower(table_type),
    NULL
  ) AS databricks_table_type
FROM `system`.`information_schema`.`tables`
WHERE table_catalog = 'torn' 
  AND table_schema = 'user'

  
[0m15:10:11.096478 [debug] [ThreadPool]: Opening a new connection, currently in state init
[0m15:10:11.237141 [debug] [ThreadPool]: Databricks adapter: Connection(session-id=01f08e58-3ee5-1780-9181-18068a8c84cb) - Created
[0m15:10:13.855571 [debug] [ThreadPool]: SQL status: OK in 2.750 seconds
[0m15:10:13.966948 [debug] [ThreadPool]: Databricks adapter: Cursor(session-id=01f08e58-3ee5-1780-9181-18068a8c84cb, command-id=01f08e58-3eed-1a7e-b3ed-93d759a7f929) - Closing
[0m15:10:13.972917 [debug] [ThreadPool]: On list_torn_user: Close
[0m15:10:13.973837 [debug] [ThreadPool]: Databricks adapter: Connection(session-id=01f08e58-3ee5-1780-9181-18068a8c84cb) - Closing
[0m15:10:14.030086 [debug] [MainThread]: Sending event: {'category': 'dbt', 'action': 'runnable_timing', 'label': '20817681-17f1-4982-8c1a-7e8dfb21ac65', 'context': [<snowplow_tracker.self_describing_json.SelfDescribingJson object at 0xffc246b7d100>]}
[0m15:10:14.040079 [debug] [Thread-1 (]: Began running node model.TornDBT.stg__user__attacks
[0m15:10:14.041159 [info ] [Thread-1 (]: 1 of 1 START sql table model user.stg__user__attacks ........................... [RUN]
[0m15:10:14.042833 [debug] [Thread-1 (]: Databricks adapter: DatabricksDBTConnection(session-id=None, name=model.TornDBT.stg__user__attacks) - Creating connection
[0m15:10:14.043951 [debug] [Thread-1 (]: Acquiring new databricks connection 'model.TornDBT.stg__user__attacks'
[0m15:10:14.044741 [debug] [Thread-1 (]: Began compiling node model.TornDBT.stg__user__attacks
[0m15:10:14.052669 [debug] [Thread-1 (]: Writing injected SQL for node "model.TornDBT.stg__user__attacks"
[0m15:10:14.346532 [debug] [Thread-1 (]: Began executing node model.TornDBT.stg__user__attacks
[0m15:10:14.377801 [debug] [Thread-1 (]: MATERIALIZING TABLE
[0m15:10:14.392913 [warn ] [Thread-1 (]: [[33mWARNING[0m]: Use revamped materializations based on separating create and insert.  This allows more performant column comments, as well as new column features.
You may opt into the new behavior sooner by setting `flags.use_materialization_v2` to `True` in `dbt_project.yml`.
Visit https://docs.getdbt.com/reference/global-configs/behavior-changes for more information.
[0m15:10:14.401801 [debug] [Thread-1 (]: Sending event: {'category': 'dbt', 'action': 'BehaviorChangeEvent', 'label': '20817681-17f1-4982-8c1a-7e8dfb21ac65', 'context': [<snowplow_tracker.self_describing_json.SelfDescribingJson object at 0xffc246d23b00>]}
[0m15:10:14.467959 [debug] [Thread-1 (]: Writing runtime sql for node "model.TornDBT.stg__user__attacks"
[0m15:10:14.750898 [debug] [Thread-1 (]: Using databricks connection "model.TornDBT.stg__user__attacks"
[0m15:10:14.752271 [debug] [Thread-1 (]: On model.TornDBT.stg__user__attacks: /* {"app": "dbt", "dbt_version": "1.10.11", "dbt_databricks_version": "1.10.12", "databricks_sql_connector_version": "4.0.5", "profile_name": "TornDBT", "target_name": "dev", "node_id": "model.TornDBT.stg__user__attacks"} */

  
    
        create or replace table `torn`.`user`.`stg__user__attacks`
      
      
  using delta
      
      
      
      
      
      
      
      as
      SELECT * FROM `torn`.`user`.`attacks`
  
[0m15:10:14.753175 [debug] [Thread-1 (]: Opening a new connection, currently in state init
[0m15:10:14.870846 [debug] [Thread-1 (]: Databricks adapter: Connection(session-id=01f08e58-4110-16c4-b78c-482224b1bdf7) - Created
[0m15:10:25.431727 [debug] [Thread-1 (]: SQL status: OK in 10.680 seconds
[0m15:10:25.433722 [debug] [Thread-1 (]: Databricks adapter: Cursor(session-id=01f08e58-4110-16c4-b78c-482224b1bdf7, command-id=01f08e58-4117-1a9b-8e60-7172aea7e776) - Closing
[0m15:10:25.573610 [debug] [Thread-1 (]: Applying tags to relation None
[0m15:10:25.595095 [debug] [Thread-1 (]: On model.TornDBT.stg__user__attacks: Close
[0m15:10:25.597260 [debug] [Thread-1 (]: Databricks adapter: Connection(session-id=01f08e58-4110-16c4-b78c-482224b1bdf7) - Closing
[0m15:10:25.663645 [debug] [Thread-1 (]: Sending event: {'category': 'dbt', 'action': 'run_model', 'label': '20817681-17f1-4982-8c1a-7e8dfb21ac65', 'context': [<snowplow_tracker.self_describing_json.SelfDescribingJson object at 0xffc25b04bbc0>]}
[0m15:10:25.665171 [info ] [Thread-1 (]: 1 of 1 OK created sql table model user.stg__user__attacks ...................... [[32mOK[0m in 11.62s]
[0m15:10:25.668199 [debug] [Thread-1 (]: Finished running node model.TornDBT.stg__user__attacks
[0m15:10:25.669857 [debug] [MainThread]: Databricks adapter: DatabricksDBTConnection(session-id=None, name=master) - Creating connection
[0m15:10:25.670616 [debug] [MainThread]: Acquiring new databricks connection 'master'
[0m15:10:25.671433 [info ] [MainThread]: 
[0m15:10:25.672980 [info ] [MainThread]: Finished running 1 table model in 0 hours 0 minutes and 16.58 seconds (16.58s).
[0m15:10:25.675044 [debug] [MainThread]: Command end result
[0m15:10:25.721015 [debug] [MainThread]: Wrote artifact WritableManifest to /Workspace/Users/scod101@gmail.com/Torn/TornDBT/target/manifest.json
[0m15:10:25.724095 [debug] [MainThread]: Wrote artifact SemanticManifest to /Workspace/Users/scod101@gmail.com/Torn/TornDBT/target/semantic_manifest.json
[0m15:10:25.864738 [debug] [MainThread]: Wrote artifact RunExecutionResult to /Workspace/Users/scod101@gmail.com/Torn/TornDBT/target/run_results.json
[0m15:10:25.865678 [info ] [MainThread]: 
[0m15:10:25.868136 [info ] [MainThread]: [32mCompleted successfully[0m
[0m15:10:25.871818 [info ] [MainThread]: 
[0m15:10:25.875504 [info ] [MainThread]: Done. PASS=1 WARN=0 ERROR=0 SKIP=0 NO-OP=0 TOTAL=1
[0m15:10:25.880722 [debug] [MainThread]: Resource report: {"command_name": "run", "command_success": true, "command_wall_clock_time": 22.53439, "process_in_blocks": "6912", "process_kernel_time": 0.367356, "process_mem_max_rss": "232908", "process_out_blocks": "0", "process_user_time": 4.935349}
[0m15:10:25.882860 [debug] [MainThread]: Command `dbt run` succeeded at 15:10:25.882735 after 22.54 seconds
[0m15:10:25.883745 [debug] [MainThread]: Sending event: {'category': 'dbt', 'action': 'invocation', 'label': 'end', 'context': [<snowplow_tracker.self_describing_json.SelfDescribingJson object at 0xffc259ad2300>, <snowplow_tracker.self_describing_json.SelfDescribingJson object at 0xffc259ad1550>, <snowplow_tracker.self_describing_json.SelfDescribingJson object at 0xffc259ad3fb0>]}
[0m15:10:25.884696 [debug] [MainThread]: Flushing usage events
[0m15:10:26.166863 [debug] [MainThread]: An error was encountered while trying to flush usage events
[0m15:11:16.439594 [debug] [MainThread]: Sending event: {'category': 'dbt', 'action': 'invocation', 'label': 'start', 'context': [<snowplow_tracker.self_describing_json.SelfDescribingJson object at 0xff73233a4290>, <snowplow_tracker.self_describing_json.SelfDescribingJson object at 0xff73216558e0>, <snowplow_tracker.self_describing_json.SelfDescribingJson object at 0xff7321657b60>]}


============================== 15:11:16.443333 | 4a3b2cde-7972-448c-9730-9cdcb05627b0 ==============================
[0m15:11:16.443333 [info ] [MainThread]: Running with dbt=1.10.11
[0m15:11:16.445346 [debug] [MainThread]: running dbt with arguments {'fail_fast': 'False', 'use_experimental_parser': 'False', 'debug': 'False', 'empty': 'False', 'partial_parse': 'True', 'log_cache_events': 'False', 'warn_error': 'None', 'static_parser': 'True', 'indirect_selection': 'eager', 'warn_error_options': 'WarnErrorOptionsV2(error=[], warn=[], silence=[])', 'profiles_dir': '/Workspace/Users/scod101@gmail.com/Torn/TornDBT', 'send_anonymous_usage_stats': 'True', 'no_print': 'None', 'cache_selected_only': 'False', 'log_format': 'default', 'version_check': 'True', 'introspect': 'True', 'log_path': '/Workspace/Users/scod101@gmail.com/Torn/TornDBT/logs', 'invocation_command': 'dbt run', 'use_colors': 'True', 'write_json': 'True', 'target_path': 'None', 'quiet': 'False', 'printer_width': '80'}
[0m15:11:17.398883 [debug] [MainThread]: Spark adapter: Setting pyhive.hive logging to ERROR
[0m15:11:17.401286 [debug] [MainThread]: Spark adapter: Setting thrift.transport logging to ERROR
[0m15:11:17.402557 [debug] [MainThread]: Spark adapter: Setting thrift.protocol logging to ERROR
[0m15:11:18.089812 [debug] [MainThread]: Sending event: {'category': 'dbt', 'action': 'project_id', 'label': '4a3b2cde-7972-448c-9730-9cdcb05627b0', 'context': [<snowplow_tracker.self_describing_json.SelfDescribingJson object at 0xff730f2bd6d0>]}
[0m15:11:18.219372 [debug] [MainThread]: Sending event: {'category': 'dbt', 'action': 'adapter_info', 'label': '4a3b2cde-7972-448c-9730-9cdcb05627b0', 'context': [<snowplow_tracker.self_describing_json.SelfDescribingJson object at 0xff73209442c0>]}
[0m15:11:18.220766 [info ] [MainThread]: Registered adapter: databricks=1.10.12
[0m15:11:18.604643 [debug] [MainThread]: checksum: 5335e1629744fab92fa7809c625edbb36f0d7063a879d6215c971798f27e66f9, vars: {}, profile: , target: , version: 1.10.11
[0m15:11:18.818378 [info ] [MainThread]: Unable to do partial parsing because profile has changed
[0m15:11:18.820277 [debug] [MainThread]: Sending event: {'category': 'dbt', 'action': 'partial_parser', 'label': '4a3b2cde-7972-448c-9730-9cdcb05627b0', 'context': [<snowplow_tracker.self_describing_json.SelfDescribingJson object at 0xff73216543e0>]}
[0m15:11:21.046453 [debug] [MainThread]: Sending event: {'category': 'dbt', 'action': 'load_project', 'label': '4a3b2cde-7972-448c-9730-9cdcb05627b0', 'context': [<snowplow_tracker.self_describing_json.SelfDescribingJson object at 0xff730f153a10>]}
[0m15:11:21.170531 [debug] [MainThread]: Wrote artifact WritableManifest to /Workspace/Users/scod101@gmail.com/Torn/TornDBT/target/manifest.json
[0m15:11:21.200881 [debug] [MainThread]: Wrote artifact SemanticManifest to /Workspace/Users/scod101@gmail.com/Torn/TornDBT/target/semantic_manifest.json
[0m15:11:21.269315 [debug] [MainThread]: Sending event: {'category': 'dbt', 'action': 'resource_counts', 'label': '4a3b2cde-7972-448c-9730-9cdcb05627b0', 'context': [<snowplow_tracker.self_describing_json.SelfDescribingJson object at 0xff730ef5eb70>]}
[0m15:11:21.270400 [info ] [MainThread]: Found 1 model, 1 source, 686 macros
[0m15:11:21.272973 [debug] [MainThread]: Sending event: {'category': 'dbt', 'action': 'runnable_timing', 'label': '4a3b2cde-7972-448c-9730-9cdcb05627b0', 'context': [<snowplow_tracker.self_describing_json.SelfDescribingJson object at 0xff730eac2f30>]}
[0m15:11:21.275378 [info ] [MainThread]: 
[0m15:11:21.279650 [info ] [MainThread]: Concurrency: 1 threads (target='dev')
[0m15:11:21.281641 [info ] [MainThread]: 
[0m15:11:21.283454 [debug] [MainThread]: Databricks adapter: DatabricksDBTConnection(session-id=None, name=master) - Creating connection
[0m15:11:21.284289 [debug] [MainThread]: Acquiring new databricks connection 'master'
[0m15:11:21.285624 [debug] [ThreadPool]: Databricks adapter: DatabricksDBTConnection(session-id=None, name=list_torn) - Creating connection
[0m15:11:21.286453 [debug] [ThreadPool]: Acquiring new databricks connection 'list_torn'
[0m15:11:21.297110 [debug] [ThreadPool]: Using databricks connection "list_torn"
[0m15:11:21.297909 [debug] [ThreadPool]: On list_torn: /* {"app": "dbt", "dbt_version": "1.10.11", "dbt_databricks_version": "1.10.12", "databricks_sql_connector_version": "4.0.5", "profile_name": "TornDBT", "target_name": "dev", "connection_name": "list_torn"} */

    show databases
  
[0m15:11:21.298683 [debug] [ThreadPool]: Opening a new connection, currently in state init
[0m15:11:21.427789 [debug] [ThreadPool]: Databricks adapter: Connection(session-id=01f08e58-68bb-1e31-afe7-b3c3a9a8fc21) - Created
[0m15:11:21.985528 [debug] [ThreadPool]: SQL status: OK in 0.690 seconds
[0m15:11:22.001315 [debug] [ThreadPool]: Databricks adapter: Cursor(session-id=01f08e58-68bb-1e31-afe7-b3c3a9a8fc21, command-id=01f08e58-68c3-1c0d-87d9-c24a5552f30f) - Closing
[0m15:11:22.002824 [debug] [ThreadPool]: On list_torn: Close
[0m15:11:22.003768 [debug] [ThreadPool]: Databricks adapter: Connection(session-id=01f08e58-68bb-1e31-afe7-b3c3a9a8fc21) - Closing
[0m15:11:22.060460 [debug] [ThreadPool]: Databricks adapter: DatabricksDBTConnection(session-id=None, name=list_torn_staging) - Creating connection
[0m15:11:22.061654 [debug] [ThreadPool]: Acquiring new databricks connection 'list_torn_staging'
[0m15:11:22.069384 [debug] [ThreadPool]: Using databricks connection "list_torn_staging"
[0m15:11:22.072269 [debug] [ThreadPool]: On list_torn_staging: /* {"app": "dbt", "dbt_version": "1.10.11", "dbt_databricks_version": "1.10.12", "databricks_sql_connector_version": "4.0.5", "profile_name": "TornDBT", "target_name": "dev", "connection_name": "list_torn_staging"} */

    
SELECT
  table_name,
  if(table_type IN ('EXTERNAL', 'MANAGED', 'MANAGED_SHALLOW_CLONE', 'EXTERNAL_SHALLOW_CLONE'), 'table', lower(table_type)) AS table_type,
  lower(data_source_format) AS file_format,
  table_owner,
  if(
    table_type IN (
      'EXTERNAL',
      'MANAGED',
      'MANAGED_SHALLOW_CLONE',
      'EXTERNAL_SHALLOW_CLONE'
    ),
    lower(table_type),
    NULL
  ) AS databricks_table_type
FROM `system`.`information_schema`.`tables`
WHERE table_catalog = 'torn' 
  AND table_schema = 'staging'

  
[0m15:11:22.073050 [debug] [ThreadPool]: Opening a new connection, currently in state init
[0m15:11:22.222160 [debug] [ThreadPool]: Databricks adapter: Connection(session-id=01f08e58-6935-1754-b17a-2adbaf1e53dd) - Created
[0m15:11:22.676376 [debug] [ThreadPool]: SQL status: OK in 0.600 seconds
[0m15:11:22.680115 [debug] [ThreadPool]: Databricks adapter: Cursor(session-id=01f08e58-6935-1754-b17a-2adbaf1e53dd, command-id=01f08e58-693c-1d17-9c31-367646dc9601) - Closing
[0m15:11:22.681175 [debug] [ThreadPool]: On list_torn_staging: Close
[0m15:11:22.682063 [debug] [ThreadPool]: Databricks adapter: Connection(session-id=01f08e58-6935-1754-b17a-2adbaf1e53dd) - Closing
[0m15:11:22.742425 [debug] [MainThread]: Sending event: {'category': 'dbt', 'action': 'runnable_timing', 'label': '4a3b2cde-7972-448c-9730-9cdcb05627b0', 'context': [<snowplow_tracker.self_describing_json.SelfDescribingJson object at 0xff730eafc530>]}
[0m15:11:22.745668 [debug] [Thread-1 (]: Began running node model.TornDBT.stg__user__attacks
[0m15:11:22.746660 [info ] [Thread-1 (]: 1 of 1 START sql table model staging.stg__user__attacks ........................ [RUN]
[0m15:11:22.749424 [debug] [Thread-1 (]: Databricks adapter: DatabricksDBTConnection(session-id=None, name=model.TornDBT.stg__user__attacks) - Creating connection
[0m15:11:22.750242 [debug] [Thread-1 (]: Acquiring new databricks connection 'model.TornDBT.stg__user__attacks'
[0m15:11:22.751036 [debug] [Thread-1 (]: Began compiling node model.TornDBT.stg__user__attacks
[0m15:11:22.758566 [debug] [Thread-1 (]: Writing injected SQL for node "model.TornDBT.stg__user__attacks"
[0m15:11:23.007536 [debug] [Thread-1 (]: Began executing node model.TornDBT.stg__user__attacks
[0m15:11:23.048755 [debug] [Thread-1 (]: MATERIALIZING TABLE
[0m15:11:23.071359 [warn ] [Thread-1 (]: [[33mWARNING[0m]: Use revamped materializations based on separating create and insert.  This allows more performant column comments, as well as new column features.
You may opt into the new behavior sooner by setting `flags.use_materialization_v2` to `True` in `dbt_project.yml`.
Visit https://docs.getdbt.com/reference/global-configs/behavior-changes for more information.
[0m15:11:23.076420 [debug] [Thread-1 (]: Sending event: {'category': 'dbt', 'action': 'BehaviorChangeEvent', 'label': '4a3b2cde-7972-448c-9730-9cdcb05627b0', 'context': [<snowplow_tracker.self_describing_json.SelfDescribingJson object at 0xff730ef4fd70>]}
[0m15:11:23.132046 [debug] [Thread-1 (]: Writing runtime sql for node "model.TornDBT.stg__user__attacks"
[0m15:11:23.302292 [debug] [Thread-1 (]: Using databricks connection "model.TornDBT.stg__user__attacks"
[0m15:11:23.303242 [debug] [Thread-1 (]: On model.TornDBT.stg__user__attacks: /* {"app": "dbt", "dbt_version": "1.10.11", "dbt_databricks_version": "1.10.12", "databricks_sql_connector_version": "4.0.5", "profile_name": "TornDBT", "target_name": "dev", "node_id": "model.TornDBT.stg__user__attacks"} */

  
    
        create or replace table `torn`.`staging`.`stg__user__attacks`
      
      
  using delta
      
      
      
      
      
      
      
      as
      SELECT * FROM `torn`.`user`.`attacks`
  
[0m15:11:23.304044 [debug] [Thread-1 (]: Opening a new connection, currently in state init
[0m15:11:23.409024 [debug] [Thread-1 (]: Databricks adapter: Connection(session-id=01f08e58-69ed-16f2-91b4-196c9ccc87ba) - Created
[0m15:11:26.625502 [debug] [Thread-1 (]: SQL status: OK in 3.320 seconds
[0m15:11:26.627597 [debug] [Thread-1 (]: Databricks adapter: Cursor(session-id=01f08e58-69ed-16f2-91b4-196c9ccc87ba, command-id=01f08e58-69f3-1178-aba2-eb133e5b0fae) - Closing
[0m15:11:26.639819 [debug] [Thread-1 (]: Applying tags to relation None
[0m15:11:26.659214 [debug] [Thread-1 (]: On model.TornDBT.stg__user__attacks: Close
[0m15:11:26.660240 [debug] [Thread-1 (]: Databricks adapter: Connection(session-id=01f08e58-69ed-16f2-91b4-196c9ccc87ba) - Closing
[0m15:11:26.717935 [debug] [Thread-1 (]: Sending event: {'category': 'dbt', 'action': 'run_model', 'label': '4a3b2cde-7972-448c-9730-9cdcb05627b0', 'context': [<snowplow_tracker.self_describing_json.SelfDescribingJson object at 0xff7321d75310>]}
[0m15:11:26.719476 [info ] [Thread-1 (]: 1 of 1 OK created sql table model staging.stg__user__attacks ................... [[32mOK[0m in 3.97s]
[0m15:11:26.732753 [debug] [Thread-1 (]: Finished running node model.TornDBT.stg__user__attacks
[0m15:11:26.734601 [debug] [MainThread]: Databricks adapter: DatabricksDBTConnection(session-id=None, name=master) - Creating connection
[0m15:11:26.735744 [debug] [MainThread]: Acquiring new databricks connection 'master'
[0m15:11:26.736760 [info ] [MainThread]: 
[0m15:11:26.738702 [info ] [MainThread]: Finished running 1 table model in 0 hours 0 minutes and 5.45 seconds (5.45s).
[0m15:11:26.740639 [debug] [MainThread]: Command end result
[0m15:11:26.782921 [debug] [MainThread]: Wrote artifact WritableManifest to /Workspace/Users/scod101@gmail.com/Torn/TornDBT/target/manifest.json
[0m15:11:26.786245 [debug] [MainThread]: Wrote artifact SemanticManifest to /Workspace/Users/scod101@gmail.com/Torn/TornDBT/target/semantic_manifest.json
[0m15:11:26.849667 [debug] [MainThread]: Wrote artifact RunExecutionResult to /Workspace/Users/scod101@gmail.com/Torn/TornDBT/target/run_results.json
[0m15:11:26.850895 [info ] [MainThread]: 
[0m15:11:26.853057 [info ] [MainThread]: [32mCompleted successfully[0m
[0m15:11:26.854780 [info ] [MainThread]: 
[0m15:11:26.856671 [info ] [MainThread]: Done. PASS=1 WARN=0 ERROR=0 SKIP=0 NO-OP=0 TOTAL=1
[0m15:11:26.859059 [debug] [MainThread]: Resource report: {"command_name": "run", "command_success": true, "command_wall_clock_time": 11.074351, "process_in_blocks": "0", "process_kernel_time": 0.370224, "process_mem_max_rss": "233604", "process_out_blocks": "0", "process_user_time": 5.004}
[0m15:11:26.860093 [debug] [MainThread]: Command `dbt run` succeeded at 15:11:26.859966 after 11.08 seconds
[0m15:11:26.861045 [debug] [MainThread]: Sending event: {'category': 'dbt', 'action': 'invocation', 'label': 'end', 'context': [<snowplow_tracker.self_describing_json.SelfDescribingJson object at 0xff730e4fbd70>, <snowplow_tracker.self_describing_json.SelfDescribingJson object at 0xff730e4f9460>, <snowplow_tracker.self_describing_json.SelfDescribingJson object at 0xff730f1ce540>]}
[0m15:11:26.861851 [debug] [MainThread]: Flushing usage events
[0m15:11:27.146000 [debug] [MainThread]: An error was encountered while trying to flush usage events
[0m15:18:04.005210 [debug] [MainThread]: Sending event: {'category': 'dbt', 'action': 'invocation', 'label': 'start', 'context': [<snowplow_tracker.self_describing_json.SelfDescribingJson object at 0xff9e05c851c0>, <snowplow_tracker.self_describing_json.SelfDescribingJson object at 0xff9e044c1700>, <snowplow_tracker.self_describing_json.SelfDescribingJson object at 0xff9e044c2ba0>]}


============================== 15:18:04.039405 | ba448b6e-ee73-451e-808b-ff6adbceda58 ==============================
[0m15:18:04.039405 [info ] [MainThread]: Running with dbt=1.10.11
[0m15:18:04.042894 [debug] [MainThread]: running dbt with arguments {'printer_width': '80', 'indirect_selection': 'eager', 'empty': 'False', 'log_path': '/Workspace/Users/scod101@gmail.com/Torn/TornDBT/logs', 'introspect': 'True', 'debug': 'False', 'log_format': 'default', 'version_check': 'True', 'invocation_command': 'dbt run', 'fail_fast': 'False', 'profiles_dir': '/Workspace/Users/scod101@gmail.com/Torn/TornDBT', 'target_path': 'None', 'use_experimental_parser': 'False', 'write_json': 'True', 'cache_selected_only': 'False', 'partial_parse': 'True', 'warn_error': 'None', 'send_anonymous_usage_stats': 'True', 'static_parser': 'True', 'log_cache_events': 'False', 'quiet': 'False', 'warn_error_options': 'WarnErrorOptionsV2(error=[], warn=[], silence=[])', 'use_colors': 'True', 'no_print': 'None'}
[0m15:18:04.978717 [debug] [MainThread]: Spark adapter: Setting pyhive.hive logging to ERROR
[0m15:18:04.981117 [debug] [MainThread]: Spark adapter: Setting thrift.transport logging to ERROR
[0m15:18:04.982058 [debug] [MainThread]: Spark adapter: Setting thrift.protocol logging to ERROR
[0m15:18:05.684475 [debug] [MainThread]: Sending event: {'category': 'dbt', 'action': 'project_id', 'label': 'ba448b6e-ee73-451e-808b-ff6adbceda58', 'context': [<snowplow_tracker.self_describing_json.SelfDescribingJson object at 0xff9dfc130950>]}
[0m15:18:05.908447 [debug] [MainThread]: Sending event: {'category': 'dbt', 'action': 'adapter_info', 'label': 'ba448b6e-ee73-451e-808b-ff6adbceda58', 'context': [<snowplow_tracker.self_describing_json.SelfDescribingJson object at 0xff9df673b8c0>]}
[0m15:18:05.909799 [info ] [MainThread]: Registered adapter: databricks=1.10.12
[0m15:18:06.165884 [debug] [MainThread]: checksum: 5335e1629744fab92fa7809c625edbb36f0d7063a879d6215c971798f27e66f9, vars: {}, profile: , target: , version: 1.10.11
[0m15:18:06.718121 [debug] [MainThread]: Partial parsing enabled: 0 files deleted, 0 files added, 1 files changed.
[0m15:18:06.719540 [debug] [MainThread]: Partial parsing: updated file: TornDBT://models/user/stg__user__attacks.sql
[0m15:18:06.989959 [debug] [MainThread]: Sending event: {'category': 'dbt', 'action': 'load_project', 'label': 'ba448b6e-ee73-451e-808b-ff6adbceda58', 'context': [<snowplow_tracker.self_describing_json.SelfDescribingJson object at 0xff9df59bb2c0>]}
[0m15:18:07.121159 [debug] [MainThread]: Wrote artifact WritableManifest to /Workspace/Users/scod101@gmail.com/Torn/TornDBT/target/manifest.json
[0m15:18:07.150575 [debug] [MainThread]: Wrote artifact SemanticManifest to /Workspace/Users/scod101@gmail.com/Torn/TornDBT/target/semantic_manifest.json
[0m15:18:07.219525 [debug] [MainThread]: Sending event: {'category': 'dbt', 'action': 'resource_counts', 'label': 'ba448b6e-ee73-451e-808b-ff6adbceda58', 'context': [<snowplow_tracker.self_describing_json.SelfDescribingJson object at 0xff9df59ad3a0>]}
[0m15:18:07.220914 [info ] [MainThread]: Found 1 model, 1 source, 686 macros
[0m15:18:07.225351 [debug] [MainThread]: Sending event: {'category': 'dbt', 'action': 'runnable_timing', 'label': 'ba448b6e-ee73-451e-808b-ff6adbceda58', 'context': [<snowplow_tracker.self_describing_json.SelfDescribingJson object at 0xff9df5b2d1f0>]}
[0m15:18:07.227710 [info ] [MainThread]: 
[0m15:18:07.231459 [info ] [MainThread]: Concurrency: 1 threads (target='dev')
[0m15:18:07.233330 [info ] [MainThread]: 
[0m15:18:07.235087 [debug] [MainThread]: Databricks adapter: DatabricksDBTConnection(session-id=None, name=master) - Creating connection
[0m15:18:07.235825 [debug] [MainThread]: Acquiring new databricks connection 'master'
[0m15:18:07.237304 [debug] [ThreadPool]: Databricks adapter: DatabricksDBTConnection(session-id=None, name=list_torn) - Creating connection
[0m15:18:07.238112 [debug] [ThreadPool]: Acquiring new databricks connection 'list_torn'
[0m15:18:07.249405 [debug] [ThreadPool]: Using databricks connection "list_torn"
[0m15:18:07.250437 [debug] [ThreadPool]: On list_torn: /* {"app": "dbt", "dbt_version": "1.10.11", "dbt_databricks_version": "1.10.12", "databricks_sql_connector_version": "4.0.5", "profile_name": "TornDBT", "target_name": "dev", "connection_name": "list_torn"} */

    show databases
  
[0m15:18:07.251236 [debug] [ThreadPool]: Opening a new connection, currently in state init
[0m15:18:07.396589 [debug] [ThreadPool]: Databricks adapter: Connection(session-id=01f08e59-5ab6-1911-82ab-f41ac73763ff) - Created
[0m15:18:07.648985 [debug] [ThreadPool]: SQL status: OK in 0.400 seconds
[0m15:18:07.654343 [debug] [ThreadPool]: Databricks adapter: Cursor(session-id=01f08e59-5ab6-1911-82ab-f41ac73763ff, command-id=01f08e59-5ac1-1a10-90d0-e493c5666ca3) - Closing
[0m15:18:07.655402 [debug] [ThreadPool]: On list_torn: Close
[0m15:18:07.656285 [debug] [ThreadPool]: Databricks adapter: Connection(session-id=01f08e59-5ab6-1911-82ab-f41ac73763ff) - Closing
[0m15:18:07.708243 [debug] [ThreadPool]: Databricks adapter: DatabricksDBTConnection(session-id=None, name=list_torn_staging) - Creating connection
[0m15:18:07.716470 [debug] [ThreadPool]: Acquiring new databricks connection 'list_torn_staging'
[0m15:18:07.725054 [debug] [ThreadPool]: Using databricks connection "list_torn_staging"
[0m15:18:07.726006 [debug] [ThreadPool]: On list_torn_staging: /* {"app": "dbt", "dbt_version": "1.10.11", "dbt_databricks_version": "1.10.12", "databricks_sql_connector_version": "4.0.5", "profile_name": "TornDBT", "target_name": "dev", "connection_name": "list_torn_staging"} */

    
SELECT
  table_name,
  if(table_type IN ('EXTERNAL', 'MANAGED', 'MANAGED_SHALLOW_CLONE', 'EXTERNAL_SHALLOW_CLONE'), 'table', lower(table_type)) AS table_type,
  lower(data_source_format) AS file_format,
  table_owner,
  if(
    table_type IN (
      'EXTERNAL',
      'MANAGED',
      'MANAGED_SHALLOW_CLONE',
      'EXTERNAL_SHALLOW_CLONE'
    ),
    lower(table_type),
    NULL
  ) AS databricks_table_type
FROM `system`.`information_schema`.`tables`
WHERE table_catalog = 'torn' 
  AND table_schema = 'staging'

  
[0m15:18:07.726746 [debug] [ThreadPool]: Opening a new connection, currently in state init
[0m15:18:07.845794 [debug] [ThreadPool]: Databricks adapter: Connection(session-id=01f08e59-5afd-125e-baf6-c43538d70b56) - Created
[0m15:18:08.186756 [debug] [ThreadPool]: SQL status: OK in 0.460 seconds
[0m15:18:08.190394 [debug] [ThreadPool]: Databricks adapter: Cursor(session-id=01f08e59-5afd-125e-baf6-c43538d70b56, command-id=01f08e59-5b02-13ae-812d-e203c5976ab5) - Closing
[0m15:18:08.191553 [debug] [ThreadPool]: On list_torn_staging: Close
[0m15:18:08.192487 [debug] [ThreadPool]: Databricks adapter: Connection(session-id=01f08e59-5afd-125e-baf6-c43538d70b56) - Closing
[0m15:18:08.242619 [debug] [MainThread]: Sending event: {'category': 'dbt', 'action': 'runnable_timing', 'label': 'ba448b6e-ee73-451e-808b-ff6adbceda58', 'context': [<snowplow_tracker.self_describing_json.SelfDescribingJson object at 0xff9e037964e0>]}
[0m15:18:08.248269 [debug] [Thread-1 (]: Began running node model.TornDBT.stg__user__attacks
[0m15:18:08.249403 [info ] [Thread-1 (]: 1 of 1 START sql table model staging.stg__user__attacks ........................ [RUN]
[0m15:18:08.250795 [debug] [Thread-1 (]: Databricks adapter: DatabricksDBTConnection(session-id=None, name=model.TornDBT.stg__user__attacks) - Creating connection
[0m15:18:08.267554 [debug] [Thread-1 (]: Acquiring new databricks connection 'model.TornDBT.stg__user__attacks'
[0m15:18:08.269753 [debug] [Thread-1 (]: Began compiling node model.TornDBT.stg__user__attacks
[0m15:18:08.282622 [debug] [Thread-1 (]: Writing injected SQL for node "model.TornDBT.stg__user__attacks"
[0m15:18:08.406054 [debug] [Thread-1 (]: Began executing node model.TornDBT.stg__user__attacks
[0m15:18:08.424002 [debug] [Thread-1 (]: MATERIALIZING TABLE
[0m15:18:08.430329 [warn ] [Thread-1 (]: [[33mWARNING[0m]: Use revamped materializations based on separating create and insert.  This allows more performant column comments, as well as new column features.
You may opt into the new behavior sooner by setting `flags.use_materialization_v2` to `True` in `dbt_project.yml`.
Visit https://docs.getdbt.com/reference/global-configs/behavior-changes for more information.
[0m15:18:08.444770 [debug] [Thread-1 (]: Sending event: {'category': 'dbt', 'action': 'BehaviorChangeEvent', 'label': 'ba448b6e-ee73-451e-808b-ff6adbceda58', 'context': [<snowplow_tracker.self_describing_json.SelfDescribingJson object at 0xff9df53c4bf0>]}
[0m15:18:08.498858 [debug] [Thread-1 (]: Writing runtime sql for node "model.TornDBT.stg__user__attacks"
[0m15:18:08.605984 [debug] [Thread-1 (]: Using databricks connection "model.TornDBT.stg__user__attacks"
[0m15:18:08.607680 [debug] [Thread-1 (]: On model.TornDBT.stg__user__attacks: /* {"app": "dbt", "dbt_version": "1.10.11", "dbt_databricks_version": "1.10.12", "databricks_sql_connector_version": "4.0.5", "profile_name": "TornDBT", "target_name": "dev", "node_id": "model.TornDBT.stg__user__attacks"} */

  
    
        create or replace table `torn`.`staging`.`stg__user__attacks`
      
      
  using delta
      
      
      
      
      
      
      
      as
      SELECT id,
  code,
  started,
  from_unixtime(started) AS started_timestamp,
  ended,
  from_unixtime(ended) AS ended_timestamp,
  result,
  attacker,
  attacker.id AS AttackerID,
  attacker.name AS AttackerName,
  attacker.level AS AttackerLevel,
  attacker.faction.id AS AttackerFactionID,
  attacker.faction.name AS AttackerFactionName,
  defender,
  defender.id AS DefenderID,
  defender.name AS DefenderName,
  defender.level AS DefenderLevel,
  defender.faction.id AS DefenderFactionID,
  defender.faction.name AS DefenderFactionName
 FROM torn.staging.stg__user__attacks
  
[0m15:18:08.611225 [debug] [Thread-1 (]: Opening a new connection, currently in state init
[0m15:18:08.750829 [debug] [Thread-1 (]: Databricks adapter: Connection(session-id=01f08e59-5b87-1183-9151-06769d2c7bc7) - Created
[0m15:18:11.486439 [debug] [Thread-1 (]: SQL status: OK in 2.880 seconds
[0m15:18:11.557610 [debug] [Thread-1 (]: Databricks adapter: Cursor(session-id=01f08e59-5b87-1183-9151-06769d2c7bc7, command-id=01f08e59-5b8c-112d-b43c-5c602f25735e) - Closing
[0m15:18:11.579556 [debug] [Thread-1 (]: Applying tags to relation None
[0m15:18:11.600833 [debug] [Thread-1 (]: On model.TornDBT.stg__user__attacks: Close
[0m15:18:11.602192 [debug] [Thread-1 (]: Databricks adapter: Connection(session-id=01f08e59-5b87-1183-9151-06769d2c7bc7) - Closing
[0m15:18:11.663424 [debug] [Thread-1 (]: Sending event: {'category': 'dbt', 'action': 'run_model', 'label': 'ba448b6e-ee73-451e-808b-ff6adbceda58', 'context': [<snowplow_tracker.self_describing_json.SelfDescribingJson object at 0xff9e04be11c0>]}
[0m15:18:11.724738 [info ] [Thread-1 (]: 1 of 1 OK created sql table model staging.stg__user__attacks ................... [[32mOK[0m in 3.41s]
[0m15:18:11.728105 [debug] [Thread-1 (]: Finished running node model.TornDBT.stg__user__attacks
[0m15:18:11.730017 [debug] [MainThread]: Databricks adapter: DatabricksDBTConnection(session-id=None, name=master) - Creating connection
[0m15:18:11.730848 [debug] [MainThread]: Acquiring new databricks connection 'master'
[0m15:18:11.731998 [info ] [MainThread]: 
[0m15:18:11.733276 [info ] [MainThread]: Finished running 1 table model in 0 hours 0 minutes and 4.50 seconds (4.50s).
[0m15:18:11.735038 [debug] [MainThread]: Command end result
[0m15:18:11.885870 [debug] [MainThread]: Wrote artifact WritableManifest to /Workspace/Users/scod101@gmail.com/Torn/TornDBT/target/manifest.json
[0m15:18:11.892746 [debug] [MainThread]: Wrote artifact SemanticManifest to /Workspace/Users/scod101@gmail.com/Torn/TornDBT/target/semantic_manifest.json
[0m15:18:11.927093 [debug] [MainThread]: Wrote artifact RunExecutionResult to /Workspace/Users/scod101@gmail.com/Torn/TornDBT/target/run_results.json
[0m15:18:11.928304 [info ] [MainThread]: 
[0m15:18:11.930287 [info ] [MainThread]: [32mCompleted successfully[0m
[0m15:18:11.932004 [info ] [MainThread]: 
[0m15:18:11.933626 [info ] [MainThread]: Done. PASS=1 WARN=0 ERROR=0 SKIP=0 NO-OP=0 TOTAL=1
[0m15:18:11.936054 [debug] [MainThread]: Resource report: {"command_name": "run", "command_success": true, "command_wall_clock_time": 8.635898, "process_in_blocks": "0", "process_kernel_time": 0.427452, "process_mem_max_rss": "232880", "process_out_blocks": "0", "process_user_time": 3.70593}
[0m15:18:11.937160 [debug] [MainThread]: Command `dbt run` succeeded at 15:18:11.937048 after 8.64 seconds
[0m15:18:11.938101 [debug] [MainThread]: Sending event: {'category': 'dbt', 'action': 'invocation', 'label': 'end', 'context': [<snowplow_tracker.self_describing_json.SelfDescribingJson object at 0xff9e04d12600>, <snowplow_tracker.self_describing_json.SelfDescribingJson object at 0xff9e04f8e1e0>, <snowplow_tracker.self_describing_json.SelfDescribingJson object at 0xff9df5ae0b60>]}
[0m15:18:11.938971 [debug] [MainThread]: Flushing usage events
[0m15:18:12.221179 [debug] [MainThread]: An error was encountered while trying to flush usage events
[0m15:21:20.275966 [debug] [MainThread]: Sending event: {'category': 'dbt', 'action': 'invocation', 'label': 'start', 'context': [<snowplow_tracker.self_describing_json.SelfDescribingJson object at 0xff0656f2f080>, <snowplow_tracker.self_describing_json.SelfDescribingJson object at 0xff0657467230>, <snowplow_tracker.self_describing_json.SelfDescribingJson object at 0xff06574662d0>]}


============================== 15:21:20.279761 | 3815e3c3-2feb-406b-abb5-2bb6d1878918 ==============================
[0m15:21:20.279761 [info ] [MainThread]: Running with dbt=1.10.11
[0m15:21:20.281947 [debug] [MainThread]: running dbt with arguments {'introspect': 'True', 'profiles_dir': '/Workspace/Users/scod101@gmail.com/Torn/TornDBT', 'printer_width': '80', 'static_parser': 'True', 'quiet': 'False', 'warn_error': 'None', 'version_check': 'True', 'send_anonymous_usage_stats': 'True', 'use_colors': 'True', 'target_path': 'None', 'log_path': '/Workspace/Users/scod101@gmail.com/Torn/TornDBT/logs', 'partial_parse': 'True', 'fail_fast': 'False', 'use_experimental_parser': 'False', 'cache_selected_only': 'False', 'log_format': 'default', 'log_cache_events': 'False', 'debug': 'False', 'indirect_selection': 'eager', 'write_json': 'True', 'invocation_command': 'dbt run', 'warn_error_options': 'WarnErrorOptionsV2(error=[], warn=[], silence=[])', 'empty': 'False', 'no_print': 'None'}
[0m15:21:21.333319 [debug] [MainThread]: Spark adapter: Setting pyhive.hive logging to ERROR
[0m15:21:21.334770 [debug] [MainThread]: Spark adapter: Setting thrift.transport logging to ERROR
[0m15:21:21.336405 [debug] [MainThread]: Spark adapter: Setting thrift.protocol logging to ERROR
[0m15:21:21.985359 [debug] [MainThread]: Sending event: {'category': 'dbt', 'action': 'project_id', 'label': '3815e3c3-2feb-406b-abb5-2bb6d1878918', 'context': [<snowplow_tracker.self_describing_json.SelfDescribingJson object at 0xff06489a3dd0>]}
[0m15:21:22.214638 [debug] [MainThread]: Sending event: {'category': 'dbt', 'action': 'adapter_info', 'label': '3815e3c3-2feb-406b-abb5-2bb6d1878918', 'context': [<snowplow_tracker.self_describing_json.SelfDescribingJson object at 0xff064a127a10>]}
[0m15:21:22.216000 [info ] [MainThread]: Registered adapter: databricks=1.10.12
[0m15:21:22.551962 [debug] [MainThread]: checksum: 5335e1629744fab92fa7809c625edbb36f0d7063a879d6215c971798f27e66f9, vars: {}, profile: , target: , version: 1.10.11
[0m15:21:23.346962 [debug] [MainThread]: Partial parsing enabled: 0 files deleted, 0 files added, 1 files changed.
[0m15:21:23.348530 [debug] [MainThread]: Partial parsing: updated file: TornDBT://models/user/stg__user__attacks.sql
[0m15:21:23.659435 [debug] [MainThread]: Sending event: {'category': 'dbt', 'action': 'load_project', 'label': '3815e3c3-2feb-406b-abb5-2bb6d1878918', 'context': [<snowplow_tracker.self_describing_json.SelfDescribingJson object at 0xff06482431a0>]}
[0m15:21:23.881046 [debug] [MainThread]: Wrote artifact WritableManifest to /Workspace/Users/scod101@gmail.com/Torn/TornDBT/target/manifest.json
[0m15:21:23.909743 [debug] [MainThread]: Wrote artifact SemanticManifest to /Workspace/Users/scod101@gmail.com/Torn/TornDBT/target/semantic_manifest.json
[0m15:21:23.983406 [debug] [MainThread]: Sending event: {'category': 'dbt', 'action': 'resource_counts', 'label': '3815e3c3-2feb-406b-abb5-2bb6d1878918', 'context': [<snowplow_tracker.self_describing_json.SelfDescribingJson object at 0xff0648511b50>]}
[0m15:21:23.984771 [info ] [MainThread]: Found 1 model, 1 source, 686 macros
[0m15:21:23.987265 [debug] [MainThread]: Sending event: {'category': 'dbt', 'action': 'runnable_timing', 'label': '3815e3c3-2feb-406b-abb5-2bb6d1878918', 'context': [<snowplow_tracker.self_describing_json.SelfDescribingJson object at 0xff06483b1ee0>]}
[0m15:21:23.989876 [info ] [MainThread]: 
[0m15:21:23.992401 [info ] [MainThread]: Concurrency: 1 threads (target='dev')
[0m15:21:23.994473 [info ] [MainThread]: 
[0m15:21:23.996758 [debug] [MainThread]: Databricks adapter: DatabricksDBTConnection(session-id=None, name=master) - Creating connection
[0m15:21:23.997617 [debug] [MainThread]: Acquiring new databricks connection 'master'
[0m15:21:23.999332 [debug] [ThreadPool]: Databricks adapter: DatabricksDBTConnection(session-id=None, name=list_torn) - Creating connection
[0m15:21:24.000571 [debug] [ThreadPool]: Acquiring new databricks connection 'list_torn'
[0m15:21:24.012757 [debug] [ThreadPool]: Using databricks connection "list_torn"
[0m15:21:24.014880 [debug] [ThreadPool]: On list_torn: /* {"app": "dbt", "dbt_version": "1.10.11", "dbt_databricks_version": "1.10.12", "databricks_sql_connector_version": "4.0.5", "profile_name": "TornDBT", "target_name": "dev", "connection_name": "list_torn"} */

    show databases
  
[0m15:21:24.015780 [debug] [ThreadPool]: Opening a new connection, currently in state init
[0m15:21:24.153527 [debug] [ThreadPool]: Databricks adapter: Connection(session-id=01f08e59-cffd-1d12-9875-d194d0858755) - Created
[0m15:21:24.487353 [debug] [ThreadPool]: SQL status: OK in 0.470 seconds
[0m15:21:24.492526 [debug] [ThreadPool]: Databricks adapter: Cursor(session-id=01f08e59-cffd-1d12-9875-d194d0858755, command-id=01f08e59-d004-15cd-8543-c20f6fec745c) - Closing
[0m15:21:24.493649 [debug] [ThreadPool]: On list_torn: Close
[0m15:21:24.494559 [debug] [ThreadPool]: Databricks adapter: Connection(session-id=01f08e59-cffd-1d12-9875-d194d0858755) - Closing
[0m15:21:24.551556 [debug] [ThreadPool]: Databricks adapter: DatabricksDBTConnection(session-id=None, name=list_torn_staging) - Creating connection
[0m15:21:24.574853 [debug] [ThreadPool]: Acquiring new databricks connection 'list_torn_staging'
[0m15:21:24.583932 [debug] [ThreadPool]: Using databricks connection "list_torn_staging"
[0m15:21:24.585015 [debug] [ThreadPool]: On list_torn_staging: /* {"app": "dbt", "dbt_version": "1.10.11", "dbt_databricks_version": "1.10.12", "databricks_sql_connector_version": "4.0.5", "profile_name": "TornDBT", "target_name": "dev", "connection_name": "list_torn_staging"} */

    
SELECT
  table_name,
  if(table_type IN ('EXTERNAL', 'MANAGED', 'MANAGED_SHALLOW_CLONE', 'EXTERNAL_SHALLOW_CLONE'), 'table', lower(table_type)) AS table_type,
  lower(data_source_format) AS file_format,
  table_owner,
  if(
    table_type IN (
      'EXTERNAL',
      'MANAGED',
      'MANAGED_SHALLOW_CLONE',
      'EXTERNAL_SHALLOW_CLONE'
    ),
    lower(table_type),
    NULL
  ) AS databricks_table_type
FROM `system`.`information_schema`.`tables`
WHERE table_catalog = 'torn' 
  AND table_schema = 'staging'

  
[0m15:21:24.585943 [debug] [ThreadPool]: Opening a new connection, currently in state init
[0m15:21:24.709082 [debug] [ThreadPool]: Databricks adapter: Connection(session-id=01f08e59-d053-1a79-a97b-70a1d1f32a19) - Created
[0m15:21:25.087286 [debug] [ThreadPool]: SQL status: OK in 0.500 seconds
[0m15:21:25.111917 [debug] [ThreadPool]: Databricks adapter: Cursor(session-id=01f08e59-d053-1a79-a97b-70a1d1f32a19, command-id=01f08e59-d058-1ff3-8f7f-90107a84146d) - Closing
[0m15:21:25.113331 [debug] [ThreadPool]: On list_torn_staging: Close
[0m15:21:25.114186 [debug] [ThreadPool]: Databricks adapter: Connection(session-id=01f08e59-d053-1a79-a97b-70a1d1f32a19) - Closing
[0m15:21:25.167762 [debug] [MainThread]: Sending event: {'category': 'dbt', 'action': 'runnable_timing', 'label': '3815e3c3-2feb-406b-abb5-2bb6d1878918', 'context': [<snowplow_tracker.self_describing_json.SelfDescribingJson object at 0xff0648304e60>]}
[0m15:21:25.179691 [debug] [Thread-1 (]: Began running node model.TornDBT.stg__user__attacks
[0m15:21:25.181101 [info ] [Thread-1 (]: 1 of 1 START sql table model staging.stg__user__attacks ........................ [RUN]
[0m15:21:25.182777 [debug] [Thread-1 (]: Databricks adapter: DatabricksDBTConnection(session-id=None, name=model.TornDBT.stg__user__attacks) - Creating connection
[0m15:21:25.183714 [debug] [Thread-1 (]: Acquiring new databricks connection 'model.TornDBT.stg__user__attacks'
[0m15:21:25.184681 [debug] [Thread-1 (]: Began compiling node model.TornDBT.stg__user__attacks
[0m15:21:25.194606 [debug] [Thread-1 (]: Writing injected SQL for node "model.TornDBT.stg__user__attacks"
[0m15:21:25.313183 [debug] [Thread-1 (]: Began executing node model.TornDBT.stg__user__attacks
[0m15:21:25.335981 [debug] [Thread-1 (]: MATERIALIZING TABLE
[0m15:21:25.343070 [warn ] [Thread-1 (]: [[33mWARNING[0m]: Use revamped materializations based on separating create and insert.  This allows more performant column comments, as well as new column features.
You may opt into the new behavior sooner by setting `flags.use_materialization_v2` to `True` in `dbt_project.yml`.
Visit https://docs.getdbt.com/reference/global-configs/behavior-changes for more information.
[0m15:21:25.347184 [debug] [Thread-1 (]: Sending event: {'category': 'dbt', 'action': 'BehaviorChangeEvent', 'label': '3815e3c3-2feb-406b-abb5-2bb6d1878918', 'context': [<snowplow_tracker.self_describing_json.SelfDescribingJson object at 0xff06480648f0>]}
[0m15:21:25.395237 [debug] [Thread-1 (]: Writing runtime sql for node "model.TornDBT.stg__user__attacks"
[0m15:21:25.516663 [debug] [Thread-1 (]: Using databricks connection "model.TornDBT.stg__user__attacks"
[0m15:21:25.517882 [debug] [Thread-1 (]: On model.TornDBT.stg__user__attacks: /* {"app": "dbt", "dbt_version": "1.10.11", "dbt_databricks_version": "1.10.12", "databricks_sql_connector_version": "4.0.5", "profile_name": "TornDBT", "target_name": "dev", "node_id": "model.TornDBT.stg__user__attacks"} */

  
    
        create or replace table `torn`.`staging`.`stg__user__attacks`
      
      
  using delta
      
      
      
      
      
      
      
      as
      SELECT id,
  code,
  started,
  CAST(from_unixtime(started) AS TIMESTAMP) AS started_timestamp,
  ended,
  from_unixtime(ended) AS ended_timestamp,
  result,
  attacker,
  attacker.id AS AttackerID,
  attacker.name AS AttackerName,
  attacker.level AS AttackerLevel,
  attacker.faction.id AS AttackerFactionID,
  attacker.faction.name AS AttackerFactionName,
  defender,
  defender.id AS DefenderID,
  defender.name AS DefenderName,
  defender.level AS DefenderLevel,
  defender.faction.id AS DefenderFactionID,
  defender.faction.name AS DefenderFactionName
 FROM torn.staging.stg__user__attacks
  
[0m15:21:25.518958 [debug] [Thread-1 (]: Opening a new connection, currently in state init
[0m15:21:25.641609 [debug] [Thread-1 (]: Databricks adapter: Connection(session-id=01f08e59-d0e1-11ae-b36a-61b05c5d7615) - Created
[0m15:21:30.579920 [debug] [Thread-1 (]: SQL status: OK in 5.060 seconds
[0m15:21:30.596331 [debug] [Thread-1 (]: Databricks adapter: Cursor(session-id=01f08e59-d0e1-11ae-b36a-61b05c5d7615, command-id=01f08e59-d0e7-13cb-aa8f-cf6653bfc864) - Closing
[0m15:21:30.616219 [debug] [Thread-1 (]: Applying tags to relation None
[0m15:21:30.707935 [debug] [Thread-1 (]: On model.TornDBT.stg__user__attacks: Close
[0m15:21:30.709368 [debug] [Thread-1 (]: Databricks adapter: Connection(session-id=01f08e59-d0e1-11ae-b36a-61b05c5d7615) - Closing
[0m15:21:30.766212 [debug] [Thread-1 (]: Sending event: {'category': 'dbt', 'action': 'run_model', 'label': '3815e3c3-2feb-406b-abb5-2bb6d1878918', 'context': [<snowplow_tracker.self_describing_json.SelfDescribingJson object at 0xff06574b4dd0>]}
[0m15:21:30.767651 [info ] [Thread-1 (]: 1 of 1 OK created sql table model staging.stg__user__attacks ................... [[32mOK[0m in 5.58s]
[0m15:21:30.770364 [debug] [Thread-1 (]: Finished running node model.TornDBT.stg__user__attacks
[0m15:21:30.772114 [debug] [MainThread]: Databricks adapter: DatabricksDBTConnection(session-id=None, name=master) - Creating connection
[0m15:21:30.772912 [debug] [MainThread]: Acquiring new databricks connection 'master'
[0m15:21:30.773711 [info ] [MainThread]: 
[0m15:21:30.775245 [info ] [MainThread]: Finished running 1 table model in 0 hours 0 minutes and 6.78 seconds (6.78s).
[0m15:21:30.777008 [debug] [MainThread]: Command end result
[0m15:21:30.920639 [debug] [MainThread]: Wrote artifact WritableManifest to /Workspace/Users/scod101@gmail.com/Torn/TornDBT/target/manifest.json
[0m15:21:30.924190 [debug] [MainThread]: Wrote artifact SemanticManifest to /Workspace/Users/scod101@gmail.com/Torn/TornDBT/target/semantic_manifest.json
[0m15:21:31.013884 [debug] [MainThread]: Wrote artifact RunExecutionResult to /Workspace/Users/scod101@gmail.com/Torn/TornDBT/target/run_results.json
[0m15:21:31.018251 [info ] [MainThread]: 
[0m15:21:31.028218 [info ] [MainThread]: [32mCompleted successfully[0m
[0m15:21:31.039448 [info ] [MainThread]: 
[0m15:21:31.043491 [info ] [MainThread]: Done. PASS=1 WARN=0 ERROR=0 SKIP=0 NO-OP=0 TOTAL=1
[0m15:21:31.050164 [debug] [MainThread]: Resource report: {"command_name": "run", "command_success": true, "command_wall_clock_time": 11.496075, "process_in_blocks": "128", "process_kernel_time": 0.403365, "process_mem_max_rss": "233240", "process_out_blocks": "0", "process_user_time": 3.818268}
[0m15:21:31.052308 [debug] [MainThread]: Command `dbt run` succeeded at 15:21:31.052180 after 11.50 seconds
[0m15:21:31.055508 [debug] [MainThread]: Sending event: {'category': 'dbt', 'action': 'invocation', 'label': 'end', 'context': [<snowplow_tracker.self_describing_json.SelfDescribingJson object at 0xff0657b3c410>, <snowplow_tracker.self_describing_json.SelfDescribingJson object at 0xff0657837c50>, <snowplow_tracker.self_describing_json.SelfDescribingJson object at 0xff06481ed190>]}
[0m15:21:31.057257 [debug] [MainThread]: Flushing usage events
[0m15:21:31.339233 [debug] [MainThread]: An error was encountered while trying to flush usage events
[0m13:54:46.180494 [debug] [MainThread]: Sending event: {'category': 'dbt', 'action': 'invocation', 'label': 'start', 'context': [<snowplow_tracker.self_describing_json.SelfDescribingJson object at 0xff0352c5f290>, <snowplow_tracker.self_describing_json.SelfDescribingJson object at 0xff0351873920>, <snowplow_tracker.self_describing_json.SelfDescribingJson object at 0xff0351873d10>]}


============================== 13:54:46.188528 | 4bbb22cd-8700-423d-a262-4cc712d239bc ==============================
[0m13:54:46.188528 [info ] [MainThread]: Running with dbt=1.10.11
[0m13:54:46.191104 [debug] [MainThread]: running dbt with arguments {'partial_parse': 'True', 'log_path': '/Workspace/Users/scod101@gmail.com/Torn/TornDBT/logs', 'target_path': 'None', 'printer_width': '80', 'introspect': 'True', 'write_json': 'True', 'log_format': 'default', 'cache_selected_only': 'False', 'debug': 'False', 'quiet': 'False', 'warn_error_options': 'WarnErrorOptionsV2(error=[], warn=[], silence=[])', 'indirect_selection': 'eager', 'send_anonymous_usage_stats': 'True', 'use_colors': 'True', 'warn_error': 'None', 'invocation_command': 'dbt run', 'fail_fast': 'False', 'use_experimental_parser': 'False', 'version_check': 'True', 'no_print': 'None', 'log_cache_events': 'False', 'empty': 'False', 'profiles_dir': '/Workspace/Users/scod101@gmail.com/Torn/TornDBT', 'static_parser': 'True'}
[0m13:54:47.164494 [debug] [MainThread]: Spark adapter: Setting pyhive.hive logging to ERROR
[0m13:54:47.198591 [debug] [MainThread]: Spark adapter: Setting thrift.transport logging to ERROR
[0m13:54:47.199582 [debug] [MainThread]: Spark adapter: Setting thrift.protocol logging to ERROR
[0m13:54:47.981995 [debug] [MainThread]: Sending event: {'category': 'dbt', 'action': 'project_id', 'label': '4bbb22cd-8700-423d-a262-4cc712d239bc', 'context': [<snowplow_tracker.self_describing_json.SelfDescribingJson object at 0xff0352933380>]}
[0m13:54:48.045016 [debug] [MainThread]: Sending event: {'category': 'dbt', 'action': 'adapter_info', 'label': '4bbb22cd-8700-423d-a262-4cc712d239bc', 'context': [<snowplow_tracker.self_describing_json.SelfDescribingJson object at 0xff0352185d00>]}
[0m13:54:48.047014 [info ] [MainThread]: Registered adapter: databricks=1.10.12
[0m13:54:48.410394 [debug] [MainThread]: checksum: 5335e1629744fab92fa7809c625edbb36f0d7063a879d6215c971798f27e66f9, vars: {}, profile: , target: , version: 1.10.11
[0m13:54:49.482608 [debug] [MainThread]: Partial parsing enabled: 0 files deleted, 0 files added, 1 files changed.
[0m13:54:49.484114 [debug] [MainThread]: Partial parsing: updated file: TornDBT://models/user/stg__user__attacks.sql
[0m13:54:49.840394 [debug] [MainThread]: Sending event: {'category': 'dbt', 'action': 'load_project', 'label': '4bbb22cd-8700-423d-a262-4cc712d239bc', 'context': [<snowplow_tracker.self_describing_json.SelfDescribingJson object at 0xff033f1dde80>]}
[0m13:54:49.959501 [debug] [MainThread]: Wrote artifact WritableManifest to /Workspace/Users/scod101@gmail.com/Torn/TornDBT/target/manifest.json
[0m13:54:49.990743 [debug] [MainThread]: Wrote artifact SemanticManifest to /Workspace/Users/scod101@gmail.com/Torn/TornDBT/target/semantic_manifest.json
[0m13:54:50.285943 [debug] [MainThread]: Sending event: {'category': 'dbt', 'action': 'resource_counts', 'label': '4bbb22cd-8700-423d-a262-4cc712d239bc', 'context': [<snowplow_tracker.self_describing_json.SelfDescribingJson object at 0xff033f9cfdd0>]}
[0m13:54:50.287278 [info ] [MainThread]: Found 1 model, 1 source, 686 macros
[0m13:54:50.288204 [debug] [MainThread]: Sending event: {'category': 'dbt', 'action': 'runnable_timing', 'label': '4bbb22cd-8700-423d-a262-4cc712d239bc', 'context': [<snowplow_tracker.self_describing_json.SelfDescribingJson object at 0xff033f1ddeb0>]}
[0m13:54:50.290597 [info ] [MainThread]: 
[0m13:54:50.291549 [info ] [MainThread]: Concurrency: 1 threads (target='dev')
[0m13:54:50.292349 [info ] [MainThread]: 
[0m13:54:50.293416 [debug] [MainThread]: Databricks adapter: DatabricksDBTConnection(session-id=None, name=master) - Creating connection
[0m13:54:50.313653 [debug] [MainThread]: Acquiring new databricks connection 'master'
[0m13:54:50.316877 [debug] [ThreadPool]: Databricks adapter: DatabricksDBTConnection(session-id=None, name=list_torn) - Creating connection
[0m13:54:50.322919 [debug] [ThreadPool]: Acquiring new databricks connection 'list_torn'
[0m13:54:50.333898 [debug] [ThreadPool]: Using databricks connection "list_torn"
[0m13:54:50.345409 [debug] [ThreadPool]: On list_torn: /* {"app": "dbt", "dbt_version": "1.10.11", "dbt_databricks_version": "1.10.12", "databricks_sql_connector_version": "4.0.5", "profile_name": "TornDBT", "target_name": "dev", "connection_name": "list_torn"} */

    show databases
  
[0m13:54:50.346827 [debug] [ThreadPool]: Opening a new connection, currently in state init
[0m13:54:50.542106 [debug] [ThreadPool]: Databricks adapter: Connection(session-id=01f090a9-3799-1059-9741-f20d7b3e570e) - Created
[0m13:54:50.917201 [debug] [ThreadPool]: SQL status: OK in 0.570 seconds
[0m13:54:50.929413 [debug] [ThreadPool]: Databricks adapter: Cursor(session-id=01f090a9-3799-1059-9741-f20d7b3e570e, command-id=01f090a9-379f-1412-b614-8e1d98132a32) - Closing
[0m13:54:50.935971 [debug] [ThreadPool]: On list_torn: Close
[0m13:54:50.936919 [debug] [ThreadPool]: Databricks adapter: Connection(session-id=01f090a9-3799-1059-9741-f20d7b3e570e) - Closing
[0m13:54:50.986598 [debug] [ThreadPool]: Databricks adapter: DatabricksDBTConnection(session-id=None, name=list_torn_staging) - Creating connection
[0m13:54:50.987830 [debug] [ThreadPool]: Acquiring new databricks connection 'list_torn_staging'
[0m13:54:50.998331 [debug] [ThreadPool]: Using databricks connection "list_torn_staging"
[0m13:54:50.999666 [debug] [ThreadPool]: On list_torn_staging: /* {"app": "dbt", "dbt_version": "1.10.11", "dbt_databricks_version": "1.10.12", "databricks_sql_connector_version": "4.0.5", "profile_name": "TornDBT", "target_name": "dev", "connection_name": "list_torn_staging"} */

    
SELECT
  table_name,
  if(table_type IN ('EXTERNAL', 'MANAGED', 'MANAGED_SHALLOW_CLONE', 'EXTERNAL_SHALLOW_CLONE'), 'table', lower(table_type)) AS table_type,
  lower(data_source_format) AS file_format,
  table_owner,
  if(
    table_type IN (
      'EXTERNAL',
      'MANAGED',
      'MANAGED_SHALLOW_CLONE',
      'EXTERNAL_SHALLOW_CLONE'
    ),
    lower(table_type),
    NULL
  ) AS databricks_table_type
FROM `system`.`information_schema`.`tables`
WHERE table_catalog = 'torn' 
  AND table_schema = 'staging'

  
[0m13:54:51.001368 [debug] [ThreadPool]: Opening a new connection, currently in state init
[0m13:54:51.120264 [debug] [ThreadPool]: Databricks adapter: Connection(session-id=01f090a9-37f2-1328-8f9a-14d55d46ae08) - Created
[0m13:54:51.888042 [debug] [ThreadPool]: SQL status: OK in 0.890 seconds
[0m13:54:51.894235 [debug] [ThreadPool]: Databricks adapter: Cursor(session-id=01f090a9-37f2-1328-8f9a-14d55d46ae08, command-id=01f090a9-37f9-1e00-864d-2e8e3ff2d07e) - Closing
[0m13:54:51.898512 [debug] [ThreadPool]: On list_torn_staging: Close
[0m13:54:51.899365 [debug] [ThreadPool]: Databricks adapter: Connection(session-id=01f090a9-37f2-1328-8f9a-14d55d46ae08) - Closing
[0m13:54:51.944062 [debug] [MainThread]: Sending event: {'category': 'dbt', 'action': 'runnable_timing', 'label': '4bbb22cd-8700-423d-a262-4cc712d239bc', 'context': [<snowplow_tracker.self_describing_json.SelfDescribingJson object at 0xff03517d74d0>]}
[0m13:54:51.947446 [debug] [Thread-1 (]: Began running node model.TornDBT.stg__user__attacks
[0m13:54:51.948480 [info ] [Thread-1 (]: 1 of 1 START sql table model staging.stg__user__attacks ........................ [RUN]
[0m13:54:51.951350 [debug] [Thread-1 (]: Databricks adapter: DatabricksDBTConnection(session-id=None, name=model.TornDBT.stg__user__attacks) - Creating connection
[0m13:54:51.952001 [debug] [Thread-1 (]: Acquiring new databricks connection 'model.TornDBT.stg__user__attacks'
[0m13:54:51.952877 [debug] [Thread-1 (]: Began compiling node model.TornDBT.stg__user__attacks
[0m13:54:51.962094 [debug] [Thread-1 (]: Writing injected SQL for node "model.TornDBT.stg__user__attacks"
[0m13:54:52.262624 [debug] [Thread-1 (]: Began executing node model.TornDBT.stg__user__attacks
[0m13:54:52.286254 [debug] [Thread-1 (]: MATERIALIZING TABLE
[0m13:54:52.308350 [warn ] [Thread-1 (]: [[33mWARNING[0m]: Use revamped materializations based on separating create and insert.  This allows more performant column comments, as well as new column features.
You may opt into the new behavior sooner by setting `flags.use_materialization_v2` to `True` in `dbt_project.yml`.
Visit https://docs.getdbt.com/reference/global-configs/behavior-changes for more information.
[0m13:54:52.320197 [debug] [Thread-1 (]: Sending event: {'category': 'dbt', 'action': 'BehaviorChangeEvent', 'label': '4bbb22cd-8700-423d-a262-4cc712d239bc', 'context': [<snowplow_tracker.self_describing_json.SelfDescribingJson object at 0xff033f67bad0>]}
[0m13:54:52.375024 [debug] [Thread-1 (]: Writing runtime sql for node "model.TornDBT.stg__user__attacks"
[0m13:54:52.563430 [debug] [Thread-1 (]: Using databricks connection "model.TornDBT.stg__user__attacks"
[0m13:54:52.564766 [debug] [Thread-1 (]: On model.TornDBT.stg__user__attacks: /* {"app": "dbt", "dbt_version": "1.10.11", "dbt_databricks_version": "1.10.12", "databricks_sql_connector_version": "4.0.5", "profile_name": "TornDBT", "target_name": "dev", "node_id": "model.TornDBT.stg__user__attacks"} */

  
    
        create or replace table `torn`.`staging`.`stg__user__attacks`
      
      
  using delta
      
      
      
      
      
      
      
      as
      SELECT id,
  code,
  started,
  CAST(from_unixtime(started) AS TIMESTAMP) AS started_timestamp,
  ended,
  from_unixtime(ended) AS ended_timestamp,
  result,
  attacker.id AS AttackerID,
  attacker.name AS AttackerName,
  attacker.level AS AttackerLevel,
  attacker.faction.id AS AttackerFactionID,
  attacker.faction.name AS AttackerFactionName,
  defender.id AS DefenderID,
  defender.name AS DefenderName,
  defender.level AS DefenderLevel,
  defender.faction.id AS DefenderFactionID,
  defender.faction.name AS DefenderFactionName
 FROM `torn`.`user`.`attacks`
  
[0m13:54:52.565629 [debug] [Thread-1 (]: Opening a new connection, currently in state init
[0m13:54:52.680306 [debug] [Thread-1 (]: Databricks adapter: Connection(session-id=01f090a9-38de-16c4-b272-b5c5dd50f642) - Created
[0m13:55:00.355147 [debug] [Thread-1 (]: SQL status: OK in 7.790 seconds
[0m13:55:00.357092 [debug] [Thread-1 (]: Databricks adapter: Cursor(session-id=01f090a9-38de-16c4-b272-b5c5dd50f642, command-id=01f090a9-38e8-1071-bf31-a039c002fd6a) - Closing
[0m13:55:00.480100 [debug] [Thread-1 (]: Applying tags to relation None
[0m13:55:00.500811 [debug] [Thread-1 (]: On model.TornDBT.stg__user__attacks: Close
[0m13:55:00.502118 [debug] [Thread-1 (]: Databricks adapter: Connection(session-id=01f090a9-38de-16c4-b272-b5c5dd50f642) - Closing
[0m13:55:00.547622 [debug] [Thread-1 (]: Sending event: {'category': 'dbt', 'action': 'run_model', 'label': '4bbb22cd-8700-423d-a262-4cc712d239bc', 'context': [<snowplow_tracker.self_describing_json.SelfDescribingJson object at 0xff03528a0ce0>]}
[0m13:55:00.548940 [info ] [Thread-1 (]: 1 of 1 OK created sql table model staging.stg__user__attacks ................... [[32mOK[0m in 8.60s]
[0m13:55:00.550297 [debug] [Thread-1 (]: Finished running node model.TornDBT.stg__user__attacks
[0m13:55:00.552047 [debug] [MainThread]: Databricks adapter: DatabricksDBTConnection(session-id=None, name=master) - Creating connection
[0m13:55:00.552976 [debug] [MainThread]: Acquiring new databricks connection 'master'
[0m13:55:00.553967 [info ] [MainThread]: 
[0m13:55:00.556448 [info ] [MainThread]: Finished running 1 table model in 0 hours 0 minutes and 10.26 seconds (10.26s).
[0m13:55:00.558218 [debug] [MainThread]: Command end result
[0m13:55:00.689352 [debug] [MainThread]: Wrote artifact WritableManifest to /Workspace/Users/scod101@gmail.com/Torn/TornDBT/target/manifest.json
[0m13:55:00.692641 [debug] [MainThread]: Wrote artifact SemanticManifest to /Workspace/Users/scod101@gmail.com/Torn/TornDBT/target/semantic_manifest.json
[0m13:55:00.727731 [debug] [MainThread]: Wrote artifact RunExecutionResult to /Workspace/Users/scod101@gmail.com/Torn/TornDBT/target/run_results.json
[0m13:55:00.728900 [info ] [MainThread]: 
[0m13:55:00.729903 [info ] [MainThread]: [32mCompleted successfully[0m
[0m13:55:00.730786 [info ] [MainThread]: 
[0m13:55:00.731978 [info ] [MainThread]: Done. PASS=1 WARN=0 ERROR=0 SKIP=0 NO-OP=0 TOTAL=1
[0m13:55:00.734702 [debug] [MainThread]: Resource report: {"command_name": "run", "command_success": true, "command_wall_clock_time": 17.860806, "process_in_blocks": "34944", "process_kernel_time": 0.474373, "process_mem_max_rss": "232520", "process_out_blocks": "0", "process_user_time": 3.78351}
[0m13:55:00.735766 [debug] [MainThread]: Command `dbt run` succeeded at 13:55:00.735658 after 17.86 seconds
[0m13:55:00.736706 [debug] [MainThread]: Sending event: {'category': 'dbt', 'action': 'invocation', 'label': 'end', 'context': [<snowplow_tracker.self_describing_json.SelfDescribingJson object at 0xff03530c4980>, <snowplow_tracker.self_describing_json.SelfDescribingJson object at 0xff03530c4740>, <snowplow_tracker.self_describing_json.SelfDescribingJson object at 0xff0352c5dbb0>]}
[0m13:55:00.737557 [debug] [MainThread]: Flushing usage events
[0m13:55:01.018611 [debug] [MainThread]: An error was encountered while trying to flush usage events
[0m13:56:12.667857 [debug] [MainThread]: Sending event: {'category': 'dbt', 'action': 'invocation', 'label': 'start', 'context': [<snowplow_tracker.self_describing_json.SelfDescribingJson object at 0xff127ee6bc20>, <snowplow_tracker.self_describing_json.SelfDescribingJson object at 0xff1280407ec0>, <snowplow_tracker.self_describing_json.SelfDescribingJson object at 0xff127e6e44d0>]}


============================== 13:56:12.672840 | b9e158cc-2385-4fe8-98d3-8145965557dc ==============================
[0m13:56:12.672840 [info ] [MainThread]: Running with dbt=1.10.11
[0m13:56:12.675289 [debug] [MainThread]: running dbt with arguments {'printer_width': '80', 'log_format': 'default', 'log_path': '/Workspace/Users/scod101@gmail.com/Torn/TornDBT/logs', 'version_check': 'True', 'warn_error': 'None', 'empty': 'False', 'profiles_dir': '/Workspace/Users/scod101@gmail.com/Torn/TornDBT', 'invocation_command': 'dbt run', 'send_anonymous_usage_stats': 'True', 'no_print': 'None', 'quiet': 'False', 'debug': 'False', 'partial_parse': 'True', 'cache_selected_only': 'False', 'indirect_selection': 'eager', 'static_parser': 'True', 'fail_fast': 'False', 'use_colors': 'True', 'introspect': 'True', 'write_json': 'True', 'warn_error_options': 'WarnErrorOptionsV2(error=[], warn=[], silence=[])', 'log_cache_events': 'False', 'target_path': 'None', 'use_experimental_parser': 'False'}
[0m13:56:13.713145 [debug] [MainThread]: Spark adapter: Setting pyhive.hive logging to ERROR
[0m13:56:13.714447 [debug] [MainThread]: Spark adapter: Setting thrift.transport logging to ERROR
[0m13:56:13.715342 [debug] [MainThread]: Spark adapter: Setting thrift.protocol logging to ERROR
[0m13:56:14.571280 [debug] [MainThread]: Sending event: {'category': 'dbt', 'action': 'project_id', 'label': 'b9e158cc-2385-4fe8-98d3-8145965557dc', 'context': [<snowplow_tracker.self_describing_json.SelfDescribingJson object at 0xff1276b789e0>]}
[0m13:56:14.683222 [debug] [MainThread]: Sending event: {'category': 'dbt', 'action': 'adapter_info', 'label': 'b9e158cc-2385-4fe8-98d3-8145965557dc', 'context': [<snowplow_tracker.self_describing_json.SelfDescribingJson object at 0xff1270377aa0>]}
[0m13:56:14.684791 [info ] [MainThread]: Registered adapter: databricks=1.10.12
[0m13:56:14.975977 [debug] [MainThread]: checksum: 5335e1629744fab92fa7809c625edbb36f0d7063a879d6215c971798f27e66f9, vars: {}, profile: , target: , version: 1.10.11
[0m13:56:15.555506 [debug] [MainThread]: Partial parsing enabled: 0 files deleted, 0 files added, 0 files changed.
[0m13:56:15.556561 [debug] [MainThread]: Partial parsing enabled, no changes found, skipping parsing
[0m13:56:15.589779 [debug] [MainThread]: Sending event: {'category': 'dbt', 'action': 'load_project', 'label': 'b9e158cc-2385-4fe8-98d3-8145965557dc', 'context': [<snowplow_tracker.self_describing_json.SelfDescribingJson object at 0xff127dd585c0>]}
[0m13:56:15.762775 [debug] [MainThread]: Wrote artifact WritableManifest to /Workspace/Users/scod101@gmail.com/Torn/TornDBT/target/manifest.json
[0m13:56:15.819335 [debug] [MainThread]: Wrote artifact SemanticManifest to /Workspace/Users/scod101@gmail.com/Torn/TornDBT/target/semantic_manifest.json
[0m13:56:15.892351 [debug] [MainThread]: Sending event: {'category': 'dbt', 'action': 'resource_counts', 'label': 'b9e158cc-2385-4fe8-98d3-8145965557dc', 'context': [<snowplow_tracker.self_describing_json.SelfDescribingJson object at 0xff126bdfb290>]}
[0m13:56:15.893410 [info ] [MainThread]: Found 1 model, 1 source, 686 macros
[0m13:56:15.900327 [debug] [MainThread]: Sending event: {'category': 'dbt', 'action': 'runnable_timing', 'label': 'b9e158cc-2385-4fe8-98d3-8145965557dc', 'context': [<snowplow_tracker.self_describing_json.SelfDescribingJson object at 0xff127019de80>]}
[0m13:56:15.902647 [info ] [MainThread]: 
[0m13:56:15.904573 [info ] [MainThread]: Concurrency: 1 threads (target='dev')
[0m13:56:15.906342 [info ] [MainThread]: 
[0m13:56:15.908170 [debug] [MainThread]: Databricks adapter: DatabricksDBTConnection(session-id=None, name=master) - Creating connection
[0m13:56:15.913287 [debug] [MainThread]: Acquiring new databricks connection 'master'
[0m13:56:15.915755 [debug] [ThreadPool]: Databricks adapter: DatabricksDBTConnection(session-id=None, name=list_torn) - Creating connection
[0m13:56:15.916701 [debug] [ThreadPool]: Acquiring new databricks connection 'list_torn'
[0m13:56:15.928444 [debug] [ThreadPool]: Using databricks connection "list_torn"
[0m13:56:15.929329 [debug] [ThreadPool]: On list_torn: /* {"app": "dbt", "dbt_version": "1.10.11", "dbt_databricks_version": "1.10.12", "databricks_sql_connector_version": "4.0.5", "profile_name": "TornDBT", "target_name": "dev", "connection_name": "list_torn"} */

    show databases
  
[0m13:56:15.930143 [debug] [ThreadPool]: Opening a new connection, currently in state init
[0m13:56:16.032279 [debug] [ThreadPool]: Databricks adapter: Connection(session-id=01f090a9-6a8f-1af7-8d7e-8de8939d69ee) - Created
[0m13:56:16.295178 [debug] [ThreadPool]: SQL status: OK in 0.360 seconds
[0m13:56:16.300453 [debug] [ThreadPool]: Databricks adapter: Cursor(session-id=01f090a9-6a8f-1af7-8d7e-8de8939d69ee, command-id=01f090a9-6a94-1615-adfb-72e4d444d597) - Closing
[0m13:56:16.301484 [debug] [ThreadPool]: On list_torn: Close
[0m13:56:16.302271 [debug] [ThreadPool]: Databricks adapter: Connection(session-id=01f090a9-6a8f-1af7-8d7e-8de8939d69ee) - Closing
[0m13:56:16.344025 [debug] [ThreadPool]: Databricks adapter: DatabricksDBTConnection(session-id=None, name=list_torn_staging) - Creating connection
[0m13:56:16.345030 [debug] [ThreadPool]: Acquiring new databricks connection 'list_torn_staging'
[0m13:56:16.352431 [debug] [ThreadPool]: Using databricks connection "list_torn_staging"
[0m13:56:16.353433 [debug] [ThreadPool]: On list_torn_staging: /* {"app": "dbt", "dbt_version": "1.10.11", "dbt_databricks_version": "1.10.12", "databricks_sql_connector_version": "4.0.5", "profile_name": "TornDBT", "target_name": "dev", "connection_name": "list_torn_staging"} */

    
SELECT
  table_name,
  if(table_type IN ('EXTERNAL', 'MANAGED', 'MANAGED_SHALLOW_CLONE', 'EXTERNAL_SHALLOW_CLONE'), 'table', lower(table_type)) AS table_type,
  lower(data_source_format) AS file_format,
  table_owner,
  if(
    table_type IN (
      'EXTERNAL',
      'MANAGED',
      'MANAGED_SHALLOW_CLONE',
      'EXTERNAL_SHALLOW_CLONE'
    ),
    lower(table_type),
    NULL
  ) AS databricks_table_type
FROM `system`.`information_schema`.`tables`
WHERE table_catalog = 'torn' 
  AND table_schema = 'staging'

  
[0m13:56:16.354325 [debug] [ThreadPool]: Opening a new connection, currently in state init
[0m13:56:16.482715 [debug] [ThreadPool]: Databricks adapter: Connection(session-id=01f090a9-6ad0-126a-9ed9-9f13684a37b5) - Created
[0m13:56:16.825848 [debug] [ThreadPool]: SQL status: OK in 0.470 seconds
[0m13:56:16.829883 [debug] [ThreadPool]: Databricks adapter: Cursor(session-id=01f090a9-6ad0-126a-9ed9-9f13684a37b5, command-id=01f090a9-6ad8-1e68-8e29-2c463a6c19ec) - Closing
[0m13:56:16.830998 [debug] [ThreadPool]: On list_torn_staging: Close
[0m13:56:16.831721 [debug] [ThreadPool]: Databricks adapter: Connection(session-id=01f090a9-6ad0-126a-9ed9-9f13684a37b5) - Closing
[0m13:56:16.882031 [debug] [MainThread]: Sending event: {'category': 'dbt', 'action': 'runnable_timing', 'label': 'b9e158cc-2385-4fe8-98d3-8145965557dc', 'context': [<snowplow_tracker.self_describing_json.SelfDescribingJson object at 0xff127bdaa390>]}
[0m13:56:16.884971 [debug] [Thread-1 (]: Began running node model.TornDBT.stg__user__attacks
[0m13:56:16.885998 [info ] [Thread-1 (]: 1 of 1 START sql table model staging.stg__user__attacks ........................ [RUN]
[0m13:56:16.888915 [debug] [Thread-1 (]: Databricks adapter: DatabricksDBTConnection(session-id=None, name=model.TornDBT.stg__user__attacks) - Creating connection
[0m13:56:16.889837 [debug] [Thread-1 (]: Acquiring new databricks connection 'model.TornDBT.stg__user__attacks'
[0m13:56:16.890634 [debug] [Thread-1 (]: Began compiling node model.TornDBT.stg__user__attacks
[0m13:56:16.898037 [debug] [Thread-1 (]: Writing injected SQL for node "model.TornDBT.stg__user__attacks"
[0m13:56:17.022262 [debug] [Thread-1 (]: Began executing node model.TornDBT.stg__user__attacks
[0m13:56:17.046200 [debug] [Thread-1 (]: MATERIALIZING TABLE
[0m13:56:17.060187 [warn ] [Thread-1 (]: [[33mWARNING[0m]: Use revamped materializations based on separating create and insert.  This allows more performant column comments, as well as new column features.
You may opt into the new behavior sooner by setting `flags.use_materialization_v2` to `True` in `dbt_project.yml`.
Visit https://docs.getdbt.com/reference/global-configs/behavior-changes for more information.
[0m13:56:17.065492 [debug] [Thread-1 (]: Sending event: {'category': 'dbt', 'action': 'BehaviorChangeEvent', 'label': 'b9e158cc-2385-4fe8-98d3-8145965557dc', 'context': [<snowplow_tracker.self_describing_json.SelfDescribingJson object at 0xff126bbc5430>]}
[0m13:56:17.142616 [debug] [Thread-1 (]: Writing runtime sql for node "model.TornDBT.stg__user__attacks"
[0m13:56:17.270785 [debug] [Thread-1 (]: Using databricks connection "model.TornDBT.stg__user__attacks"
[0m13:56:17.272080 [debug] [Thread-1 (]: On model.TornDBT.stg__user__attacks: /* {"app": "dbt", "dbt_version": "1.10.11", "dbt_databricks_version": "1.10.12", "databricks_sql_connector_version": "4.0.5", "profile_name": "TornDBT", "target_name": "dev", "node_id": "model.TornDBT.stg__user__attacks"} */

  
    
        create or replace table `torn`.`staging`.`stg__user__attacks`
      
      
  using delta
      
      
      
      
      
      
      
      as
      SELECT id,
  code,
  started,
  CAST(from_unixtime(started) AS TIMESTAMP) AS started_timestamp,
  ended,
  from_unixtime(ended) AS ended_timestamp,
  result,
  attacker.id AS AttackerID,
  attacker.name AS AttackerName,
  attacker.level AS AttackerLevel,
  attacker.faction.id AS AttackerFactionID,
  attacker.faction.name AS AttackerFactionName,
  defender.id AS DefenderID,
  defender.name AS DefenderName,
  defender.level AS DefenderLevel,
  defender.faction.id AS DefenderFactionID,
  defender.faction.name AS DefenderFactionName
 FROM `torn`.`user`.`attacks`
  
[0m13:56:17.273115 [debug] [Thread-1 (]: Opening a new connection, currently in state init
[0m13:56:17.418996 [debug] [Thread-1 (]: Databricks adapter: Connection(session-id=01f090a9-6b62-1786-a7ee-354c1ad16de1) - Created
[0m13:56:21.179198 [debug] [Thread-1 (]: SQL status: OK in 3.910 seconds
[0m13:56:21.184899 [debug] [Thread-1 (]: Databricks adapter: Cursor(session-id=01f090a9-6b62-1786-a7ee-354c1ad16de1, command-id=01f090a9-6b6a-17aa-a16f-f675fa334b9d) - Closing
[0m13:56:21.201668 [debug] [Thread-1 (]: Applying tags to relation None
[0m13:56:21.225316 [debug] [Thread-1 (]: On model.TornDBT.stg__user__attacks: Close
[0m13:56:21.226707 [debug] [Thread-1 (]: Databricks adapter: Connection(session-id=01f090a9-6b62-1786-a7ee-354c1ad16de1) - Closing
[0m13:56:21.277782 [debug] [Thread-1 (]: Sending event: {'category': 'dbt', 'action': 'run_model', 'label': 'b9e158cc-2385-4fe8-98d3-8145965557dc', 'context': [<snowplow_tracker.self_describing_json.SelfDescribingJson object at 0xff1280278740>]}
[0m13:56:21.342217 [info ] [Thread-1 (]: 1 of 1 OK created sql table model staging.stg__user__attacks ................... [[32mOK[0m in 4.39s]
[0m13:56:21.347220 [debug] [Thread-1 (]: Finished running node model.TornDBT.stg__user__attacks
[0m13:56:21.350069 [debug] [MainThread]: Databricks adapter: DatabricksDBTConnection(session-id=None, name=master) - Creating connection
[0m13:56:21.352060 [debug] [MainThread]: Acquiring new databricks connection 'master'
[0m13:56:21.352929 [info ] [MainThread]: 
[0m13:56:21.356065 [info ] [MainThread]: Finished running 1 table model in 0 hours 0 minutes and 5.45 seconds (5.45s).
[0m13:56:21.358802 [debug] [MainThread]: Command end result
[0m13:56:21.408749 [debug] [MainThread]: Wrote artifact WritableManifest to /Workspace/Users/scod101@gmail.com/Torn/TornDBT/target/manifest.json
[0m13:56:21.411760 [debug] [MainThread]: Wrote artifact SemanticManifest to /Workspace/Users/scod101@gmail.com/Torn/TornDBT/target/semantic_manifest.json
[0m13:56:21.443173 [debug] [MainThread]: Wrote artifact RunExecutionResult to /Workspace/Users/scod101@gmail.com/Torn/TornDBT/target/run_results.json
[0m13:56:21.443988 [info ] [MainThread]: 
[0m13:56:21.445111 [info ] [MainThread]: [32mCompleted successfully[0m
[0m13:56:21.445859 [info ] [MainThread]: 
[0m13:56:21.446650 [info ] [MainThread]: Done. PASS=1 WARN=0 ERROR=0 SKIP=0 NO-OP=0 TOTAL=1
[0m13:56:21.448452 [debug] [MainThread]: Resource report: {"command_name": "run", "command_success": true, "command_wall_clock_time": 9.471242, "process_in_blocks": "16", "process_kernel_time": 0.422171, "process_mem_max_rss": "228736", "process_out_blocks": "0", "process_user_time": 3.534181}
[0m13:56:21.453883 [debug] [MainThread]: Command `dbt run` succeeded at 13:56:21.453762 after 9.48 seconds
[0m13:56:21.454722 [debug] [MainThread]: Sending event: {'category': 'dbt', 'action': 'invocation', 'label': 'end', 'context': [<snowplow_tracker.self_describing_json.SelfDescribingJson object at 0xff1270958fe0>, <snowplow_tracker.self_describing_json.SelfDescribingJson object at 0xff12706364e0>, <snowplow_tracker.self_describing_json.SelfDescribingJson object at 0xff126bdf90d0>]}
[0m13:56:21.455848 [debug] [MainThread]: Flushing usage events
[0m13:56:21.737333 [debug] [MainThread]: An error was encountered while trying to flush usage events
[0m18:15:25.785407 [debug] [MainThread]: Sending event: {'category': 'dbt', 'action': 'invocation', 'label': 'start', 'context': [<snowplow_tracker.self_describing_json.SelfDescribingJson object at 0xff5d4ff1fbf0>, <snowplow_tracker.self_describing_json.SelfDescribingJson object at 0xff5d4fdd2d80>, <snowplow_tracker.self_describing_json.SelfDescribingJson object at 0xff5d4ef4ae70>]}


============================== 18:15:25.790831 | 6d1c5526-6731-4642-82df-3742c197dd68 ==============================
[0m18:15:25.790831 [info ] [MainThread]: Running with dbt=1.10.11
[0m18:15:25.794195 [debug] [MainThread]: running dbt with arguments {'warn_error_options': 'WarnErrorOptionsV2(error=[], warn=[], silence=[])', 'cache_selected_only': 'False', 'target_path': 'None', 'version_check': 'True', 'quiet': 'False', 'empty': 'False', 'use_experimental_parser': 'False', 'invocation_command': 'dbt run', 'static_parser': 'True', 'fail_fast': 'False', 'log_cache_events': 'False', 'write_json': 'True', 'indirect_selection': 'eager', 'log_format': 'default', 'send_anonymous_usage_stats': 'True', 'printer_width': '80', 'profiles_dir': '/Workspace/Users/scod101@gmail.com/Torn/TornDBT', 'no_print': 'None', 'warn_error': 'None', 'introspect': 'True', 'debug': 'False', 'partial_parse': 'True', 'log_path': '/Workspace/Users/scod101@gmail.com/Torn/TornDBT/logs', 'use_colors': 'True'}
[0m18:15:26.831879 [debug] [MainThread]: Spark adapter: Setting pyhive.hive logging to ERROR
[0m18:15:26.836273 [debug] [MainThread]: Spark adapter: Setting thrift.transport logging to ERROR
[0m18:15:26.842294 [debug] [MainThread]: Spark adapter: Setting thrift.protocol logging to ERROR
[0m18:15:27.644031 [debug] [MainThread]: Sending event: {'category': 'dbt', 'action': 'project_id', 'label': '6d1c5526-6731-4642-82df-3742c197dd68', 'context': [<snowplow_tracker.self_describing_json.SelfDescribingJson object at 0xff5d41478830>]}
[0m18:15:27.734892 [debug] [MainThread]: Sending event: {'category': 'dbt', 'action': 'adapter_info', 'label': '6d1c5526-6731-4642-82df-3742c197dd68', 'context': [<snowplow_tracker.self_describing_json.SelfDescribingJson object at 0xff5d4fccb1a0>]}
[0m18:15:27.736406 [info ] [MainThread]: Registered adapter: databricks=1.10.12
[0m18:15:27.987055 [debug] [MainThread]: checksum: 5335e1629744fab92fa7809c625edbb36f0d7063a879d6215c971798f27e66f9, vars: {}, profile: , target: , version: 1.10.11
[0m18:15:29.475091 [debug] [MainThread]: Partial parsing enabled: 0 files deleted, 1 files added, 1 files changed.
[0m18:15:29.515004 [debug] [MainThread]: Partial parsing: added file: TornDBT://models/user/stg__user__base.sql
[0m18:15:29.519500 [debug] [MainThread]: Partial parsing: updated file: TornDBT://models/source.yml
[0m18:15:29.950130 [debug] [MainThread]: Sending event: {'category': 'dbt', 'action': 'load_project', 'label': '6d1c5526-6731-4642-82df-3742c197dd68', 'context': [<snowplow_tracker.self_describing_json.SelfDescribingJson object at 0xff5d4054d280>]}
[0m18:15:30.067611 [debug] [MainThread]: Wrote artifact WritableManifest to /Workspace/Users/scod101@gmail.com/Torn/TornDBT/target/manifest.json
[0m18:15:30.106034 [debug] [MainThread]: Wrote artifact SemanticManifest to /Workspace/Users/scod101@gmail.com/Torn/TornDBT/target/semantic_manifest.json
[0m18:15:30.182002 [debug] [MainThread]: Sending event: {'category': 'dbt', 'action': 'resource_counts', 'label': '6d1c5526-6731-4642-82df-3742c197dd68', 'context': [<snowplow_tracker.self_describing_json.SelfDescribingJson object at 0xff5d405919d0>]}
[0m18:15:30.183083 [info ] [MainThread]: Found 2 models, 2 sources, 686 macros
[0m18:15:30.185541 [debug] [MainThread]: Sending event: {'category': 'dbt', 'action': 'runnable_timing', 'label': '6d1c5526-6731-4642-82df-3742c197dd68', 'context': [<snowplow_tracker.self_describing_json.SelfDescribingJson object at 0xff5d40ca7da0>]}
[0m18:15:30.188445 [info ] [MainThread]: 
[0m18:15:30.190703 [info ] [MainThread]: Concurrency: 1 threads (target='dev')
[0m18:15:30.192639 [info ] [MainThread]: 
[0m18:15:30.194783 [debug] [MainThread]: Databricks adapter: DatabricksDBTConnection(session-id=None, name=master) - Creating connection
[0m18:15:30.195644 [debug] [MainThread]: Acquiring new databricks connection 'master'
[0m18:15:30.203681 [debug] [ThreadPool]: Databricks adapter: DatabricksDBTConnection(session-id=None, name=list_torn) - Creating connection
[0m18:15:30.255806 [debug] [ThreadPool]: Acquiring new databricks connection 'list_torn'
[0m18:15:30.268882 [debug] [ThreadPool]: Using databricks connection "list_torn"
[0m18:15:30.271567 [debug] [ThreadPool]: On list_torn: /* {"app": "dbt", "dbt_version": "1.10.11", "dbt_databricks_version": "1.10.12", "databricks_sql_connector_version": "4.0.5", "profile_name": "TornDBT", "target_name": "dev", "connection_name": "list_torn"} */

    show databases
  
[0m18:15:30.299675 [debug] [ThreadPool]: Opening a new connection, currently in state init
[0m18:15:30.583301 [debug] [ThreadPool]: Databricks adapter: Connection(session-id=01f090cd-a1bb-1793-a389-fb3f9422eab0) - Created
[0m18:17:00.196896 [debug] [ThreadPool]: SQL status: OK in 89.900 seconds
[0m18:17:00.207688 [debug] [ThreadPool]: Databricks adapter: Cursor(session-id=01f090cd-a1bb-1793-a389-fb3f9422eab0, command-id=01f090cd-a1d0-1cc9-bc59-53271088c760) - Closing
[0m18:17:00.408574 [debug] [ThreadPool]: On list_torn: Close
[0m18:17:00.409739 [debug] [ThreadPool]: Databricks adapter: Connection(session-id=01f090cd-a1bb-1793-a389-fb3f9422eab0) - Closing
[0m18:17:00.482947 [debug] [ThreadPool]: Databricks adapter: DatabricksDBTConnection(session-id=None, name=list_torn_staging) - Creating connection
[0m18:17:00.486505 [debug] [ThreadPool]: Acquiring new databricks connection 'list_torn_staging'
[0m18:17:00.496782 [debug] [ThreadPool]: Using databricks connection "list_torn_staging"
[0m18:17:00.499235 [debug] [ThreadPool]: On list_torn_staging: /* {"app": "dbt", "dbt_version": "1.10.11", "dbt_databricks_version": "1.10.12", "databricks_sql_connector_version": "4.0.5", "profile_name": "TornDBT", "target_name": "dev", "connection_name": "list_torn_staging"} */

    
SELECT
  table_name,
  if(table_type IN ('EXTERNAL', 'MANAGED', 'MANAGED_SHALLOW_CLONE', 'EXTERNAL_SHALLOW_CLONE'), 'table', lower(table_type)) AS table_type,
  lower(data_source_format) AS file_format,
  table_owner,
  if(
    table_type IN (
      'EXTERNAL',
      'MANAGED',
      'MANAGED_SHALLOW_CLONE',
      'EXTERNAL_SHALLOW_CLONE'
    ),
    lower(table_type),
    NULL
  ) AS databricks_table_type
FROM `system`.`information_schema`.`tables`
WHERE table_catalog = 'torn' 
  AND table_schema = 'staging'

  
[0m18:17:00.500130 [debug] [ThreadPool]: Opening a new connection, currently in state init
[0m18:17:00.644875 [debug] [ThreadPool]: Databricks adapter: Connection(session-id=01f090cd-d776-1e72-8256-e23345f62a94) - Created
[0m18:17:05.166219 [debug] [ThreadPool]: SQL status: OK in 4.670 seconds
[0m18:17:05.170767 [debug] [ThreadPool]: Databricks adapter: Cursor(session-id=01f090cd-d776-1e72-8256-e23345f62a94, command-id=01f090cd-d77e-1bb3-804f-6a77fcd89421) - Closing
[0m18:17:05.172095 [debug] [ThreadPool]: On list_torn_staging: Close
[0m18:17:05.172940 [debug] [ThreadPool]: Databricks adapter: Connection(session-id=01f090cd-d776-1e72-8256-e23345f62a94) - Closing
[0m18:17:05.218184 [debug] [MainThread]: Sending event: {'category': 'dbt', 'action': 'runnable_timing', 'label': '6d1c5526-6731-4642-82df-3742c197dd68', 'context': [<snowplow_tracker.self_describing_json.SelfDescribingJson object at 0xff5d4c91bb00>]}
[0m18:17:05.222284 [debug] [Thread-1 (]: Began running node model.TornDBT.stg__user__attacks
[0m18:17:05.223855 [info ] [Thread-1 (]: 1 of 2 START sql table model staging.stg__user__attacks ........................ [RUN]
[0m18:17:05.225504 [debug] [Thread-1 (]: Databricks adapter: DatabricksDBTConnection(session-id=None, name=model.TornDBT.stg__user__attacks) - Creating connection
[0m18:17:05.226390 [debug] [Thread-1 (]: Acquiring new databricks connection 'model.TornDBT.stg__user__attacks'
[0m18:17:05.227548 [debug] [Thread-1 (]: Began compiling node model.TornDBT.stg__user__attacks
[0m18:17:05.327566 [debug] [Thread-1 (]: Writing injected SQL for node "model.TornDBT.stg__user__attacks"
[0m18:17:05.857878 [debug] [Thread-1 (]: Began executing node model.TornDBT.stg__user__attacks
[0m18:17:05.876443 [debug] [Thread-1 (]: MATERIALIZING TABLE
[0m18:17:05.878166 [warn ] [Thread-1 (]: [[33mWARNING[0m]: Use revamped materializations based on separating create and insert.  This allows more performant column comments, as well as new column features.
You may opt into the new behavior sooner by setting `flags.use_materialization_v2` to `True` in `dbt_project.yml`.
Visit https://docs.getdbt.com/reference/global-configs/behavior-changes for more information.
[0m18:17:05.883509 [debug] [Thread-1 (]: Sending event: {'category': 'dbt', 'action': 'BehaviorChangeEvent', 'label': '6d1c5526-6731-4642-82df-3742c197dd68', 'context': [<snowplow_tracker.self_describing_json.SelfDescribingJson object at 0xff5d40a90800>]}
[0m18:17:05.930876 [debug] [Thread-1 (]: Writing runtime sql for node "model.TornDBT.stg__user__attacks"
[0m18:17:06.178394 [debug] [Thread-1 (]: Using databricks connection "model.TornDBT.stg__user__attacks"
[0m18:17:06.179918 [debug] [Thread-1 (]: On model.TornDBT.stg__user__attacks: /* {"app": "dbt", "dbt_version": "1.10.11", "dbt_databricks_version": "1.10.12", "databricks_sql_connector_version": "4.0.5", "profile_name": "TornDBT", "target_name": "dev", "node_id": "model.TornDBT.stg__user__attacks"} */

  
    
        create or replace table `torn`.`staging`.`stg__user__attacks`
      
      
  using delta
      
      
      
      
      
      
      
      as
      SELECT id,
  code,
  started,
  CAST(from_unixtime(started) AS TIMESTAMP) AS started_timestamp,
  ended,
  from_unixtime(ended) AS ended_timestamp,
  result,
  attacker.id AS AttackerID,
  attacker.name AS AttackerName,
  attacker.level AS AttackerLevel,
  attacker.faction.id AS AttackerFactionID,
  attacker.faction.name AS AttackerFactionName,
  defender.id AS DefenderID,
  defender.name AS DefenderName,
  defender.level AS DefenderLevel,
  defender.faction.id AS DefenderFactionID,
  defender.faction.name AS DefenderFactionName
 FROM `torn`.`user`.`attacks`
  
[0m18:17:06.180791 [debug] [Thread-1 (]: Opening a new connection, currently in state init
[0m18:17:06.308168 [debug] [Thread-1 (]: Databricks adapter: Connection(session-id=01f090cd-dad6-1338-add4-dca7dd265a7a) - Created
[0m18:17:17.550480 [debug] [Thread-1 (]: SQL status: OK in 11.370 seconds
[0m18:17:17.554176 [debug] [Thread-1 (]: Databricks adapter: Cursor(session-id=01f090cd-dad6-1338-add4-dca7dd265a7a, command-id=01f090cd-dadf-1317-88aa-21c46bbce46d) - Closing
[0m18:17:17.635312 [debug] [Thread-1 (]: Applying tags to relation None
[0m18:17:17.667845 [debug] [Thread-1 (]: On model.TornDBT.stg__user__attacks: Close
[0m18:17:17.669207 [debug] [Thread-1 (]: Databricks adapter: Connection(session-id=01f090cd-dad6-1338-add4-dca7dd265a7a) - Closing
[0m18:17:17.723271 [debug] [Thread-1 (]: Sending event: {'category': 'dbt', 'action': 'run_model', 'label': '6d1c5526-6731-4642-82df-3742c197dd68', 'context': [<snowplow_tracker.self_describing_json.SelfDescribingJson object at 0xff5d4fd35250>]}
[0m18:17:17.724726 [info ] [Thread-1 (]: 1 of 2 OK created sql table model staging.stg__user__attacks ................... [[32mOK[0m in 12.50s]
[0m18:17:17.728378 [debug] [Thread-1 (]: Finished running node model.TornDBT.stg__user__attacks
[0m18:17:17.729320 [debug] [Thread-1 (]: Began running node model.TornDBT.stg__user__base
[0m18:17:17.730478 [info ] [Thread-1 (]: 2 of 2 START sql table model staging.stg__user__base ........................... [RUN]
[0m18:17:17.733338 [debug] [Thread-1 (]: Databricks adapter: DatabricksDBTConnection(session-id=None, name=model.TornDBT.stg__user__base) - Creating connection
[0m18:17:17.734386 [debug] [Thread-1 (]: Acquiring new databricks connection 'model.TornDBT.stg__user__base'
[0m18:17:17.735722 [debug] [Thread-1 (]: Began compiling node model.TornDBT.stg__user__base
[0m18:17:17.739692 [debug] [Thread-1 (]: Writing injected SQL for node "model.TornDBT.stg__user__base"
[0m18:17:17.883214 [debug] [Thread-1 (]: Began executing node model.TornDBT.stg__user__base
[0m18:17:17.886800 [debug] [Thread-1 (]: MATERIALIZING TABLE
[0m18:17:17.891115 [debug] [Thread-1 (]: Writing runtime sql for node "model.TornDBT.stg__user__base"
[0m18:17:17.918187 [debug] [Thread-1 (]: Using databricks connection "model.TornDBT.stg__user__base"
[0m18:17:17.919624 [debug] [Thread-1 (]: On model.TornDBT.stg__user__base: /* {"app": "dbt", "dbt_version": "1.10.11", "dbt_databricks_version": "1.10.12", "databricks_sql_connector_version": "4.0.5", "profile_name": "TornDBT", "target_name": "dev", "node_id": "model.TornDBT.stg__user__base"} */

  
    
        create or replace table `torn`.`staging`.`stg__user__base`
      
      
  using delta
      
      
      
      
      
      
      
      as
      SELECT 
age,
  awards,
  donator_status,
  enemies,
  faction_id,
  forum_posts,
  friends,
  gender,
  honor_id,
  `id`,
  image,
  karma,
  last_action.status AS LastActionStatus,
  last_action.timestamp AS LastActionTimestamp,
  from_unixtime(last_action.timestamp) AS LastActionTimestampClean,
  last_action.relative AS LastActionRelative,
  level,
  life.current AS LifeCurrent,
  life.maximum AS LifeMaximum,
  `name`,
  rank,
  revivable,
  role,
  signed_up,
  from_unixtime(signed_up) AS SignedUpTimestamp,
  spouse.id AS SpouseID,
  spouse.name AS SpouseName,
  spouse.status AS SpouseStatus,
  spouse.days_married AS SpouseDaysMarried
 FROM `torn`.`user`.`base`
  
[0m18:17:17.922150 [debug] [Thread-1 (]: Opening a new connection, currently in state init
[0m18:17:18.033426 [debug] [Thread-1 (]: Databricks adapter: Connection(session-id=01f090cd-e1d7-11b0-80a3-ef033fa4170f) - Created
[0m18:17:23.034381 [debug] [Thread-1 (]: SQL status: OK in 5.110 seconds
[0m18:17:23.059529 [debug] [Thread-1 (]: Databricks adapter: Cursor(session-id=01f090cd-e1d7-11b0-80a3-ef033fa4170f, command-id=01f090cd-e1db-1d79-975f-55c2c92561d3) - Closing
[0m18:17:23.066032 [debug] [Thread-1 (]: Applying tags to relation None
[0m18:17:23.085208 [debug] [Thread-1 (]: On model.TornDBT.stg__user__base: Close
[0m18:17:23.135105 [debug] [Thread-1 (]: Databricks adapter: Connection(session-id=01f090cd-e1d7-11b0-80a3-ef033fa4170f) - Closing
[0m18:17:23.187609 [debug] [Thread-1 (]: Sending event: {'category': 'dbt', 'action': 'run_model', 'label': '6d1c5526-6731-4642-82df-3742c197dd68', 'context': [<snowplow_tracker.self_describing_json.SelfDescribingJson object at 0xff5d40a03e00>]}
[0m18:17:23.189683 [info ] [Thread-1 (]: 2 of 2 OK created sql table model staging.stg__user__base ...................... [[32mOK[0m in 5.45s]
[0m18:17:23.191220 [debug] [Thread-1 (]: Finished running node model.TornDBT.stg__user__base
[0m18:17:23.199620 [debug] [MainThread]: Databricks adapter: DatabricksDBTConnection(session-id=None, name=master) - Creating connection
[0m18:17:23.206986 [debug] [MainThread]: Acquiring new databricks connection 'master'
[0m18:17:23.208124 [info ] [MainThread]: 
[0m18:17:23.209016 [info ] [MainThread]: Finished running 2 table models in 0 hours 1 minutes and 53.01 seconds (113.01s).
[0m18:17:23.210269 [debug] [MainThread]: Command end result
[0m18:17:23.273378 [debug] [MainThread]: Wrote artifact WritableManifest to /Workspace/Users/scod101@gmail.com/Torn/TornDBT/target/manifest.json
[0m18:17:23.289155 [debug] [MainThread]: Wrote artifact SemanticManifest to /Workspace/Users/scod101@gmail.com/Torn/TornDBT/target/semantic_manifest.json
[0m18:17:23.356221 [debug] [MainThread]: Wrote artifact RunExecutionResult to /Workspace/Users/scod101@gmail.com/Torn/TornDBT/target/run_results.json
[0m18:17:23.357503 [info ] [MainThread]: 
[0m18:17:23.358750 [info ] [MainThread]: [32mCompleted successfully[0m
[0m18:17:23.361121 [info ] [MainThread]: 
[0m18:17:23.361967 [info ] [MainThread]: Done. PASS=2 WARN=0 ERROR=0 SKIP=0 NO-OP=0 TOTAL=2
[0m18:17:23.364494 [debug] [MainThread]: Resource report: {"command_name": "run", "command_success": true, "command_wall_clock_time": 120.965004, "process_in_blocks": "34840", "process_kernel_time": 0.416212, "process_mem_max_rss": "234260", "process_out_blocks": "0", "process_user_time": 4.259365}
[0m18:17:23.365579 [debug] [MainThread]: Command `dbt run` succeeded at 18:17:23.365465 after 120.97 seconds
[0m18:17:23.366452 [debug] [MainThread]: Sending event: {'category': 'dbt', 'action': 'invocation', 'label': 'end', 'context': [<snowplow_tracker.self_describing_json.SelfDescribingJson object at 0xff5d40afddc0>, <snowplow_tracker.self_describing_json.SelfDescribingJson object at 0xff5d40afedb0>, <snowplow_tracker.self_describing_json.SelfDescribingJson object at 0xff5d40afea20>]}
[0m18:17:23.367361 [debug] [MainThread]: Flushing usage events
[0m18:17:23.653856 [debug] [MainThread]: An error was encountered while trying to flush usage events
[0m18:22:56.131122 [debug] [MainThread]: Sending event: {'category': 'dbt', 'action': 'invocation', 'label': 'start', 'context': [<snowplow_tracker.self_describing_json.SelfDescribingJson object at 0xff7a47b63ce0>, <snowplow_tracker.self_describing_json.SelfDescribingJson object at 0xff7a475738f0>, <snowplow_tracker.self_describing_json.SelfDescribingJson object at 0xff7a49144830>]}


============================== 18:22:56.136729 | 103f2f47-4b2b-458c-b049-a69a83e9d0b2 ==============================
[0m18:22:56.136729 [info ] [MainThread]: Running with dbt=1.10.11
[0m18:22:56.138838 [debug] [MainThread]: running dbt with arguments {'introspect': 'True', 'static_parser': 'True', 'fail_fast': 'False', 'no_print': 'None', 'invocation_command': 'dbt run', 'log_format': 'default', 'partial_parse': 'True', 'log_cache_events': 'False', 'use_experimental_parser': 'False', 'use_colors': 'True', 'send_anonymous_usage_stats': 'True', 'printer_width': '80', 'profiles_dir': '/Workspace/Users/scod101@gmail.com/Torn/TornDBT', 'debug': 'False', 'log_path': '/Workspace/Users/scod101@gmail.com/Torn/TornDBT/logs', 'warn_error': 'None', 'target_path': 'None', 'empty': 'False', 'write_json': 'True', 'quiet': 'False', 'indirect_selection': 'eager', 'warn_error_options': 'WarnErrorOptionsV2(error=[], warn=[], silence=[])', 'version_check': 'True', 'cache_selected_only': 'False'}
[0m18:22:57.110223 [debug] [MainThread]: Spark adapter: Setting pyhive.hive logging to ERROR
[0m18:22:57.111618 [debug] [MainThread]: Spark adapter: Setting thrift.transport logging to ERROR
[0m18:22:57.118077 [debug] [MainThread]: Spark adapter: Setting thrift.protocol logging to ERROR
[0m18:22:57.922102 [debug] [MainThread]: Sending event: {'category': 'dbt', 'action': 'project_id', 'label': '103f2f47-4b2b-458c-b049-a69a83e9d0b2', 'context': [<snowplow_tracker.self_describing_json.SelfDescribingJson object at 0xff7a48df9700>]}
[0m18:22:58.028137 [debug] [MainThread]: Sending event: {'category': 'dbt', 'action': 'adapter_info', 'label': '103f2f47-4b2b-458c-b049-a69a83e9d0b2', 'context': [<snowplow_tracker.self_describing_json.SelfDescribingJson object at 0xff7a3fc0f8f0>]}
[0m18:22:58.029472 [info ] [MainThread]: Registered adapter: databricks=1.10.12
[0m18:22:58.405926 [debug] [MainThread]: checksum: 5335e1629744fab92fa7809c625edbb36f0d7063a879d6215c971798f27e66f9, vars: {}, profile: , target: , version: 1.10.11
[0m18:22:59.679392 [debug] [MainThread]: Partial parsing enabled: 0 files deleted, 1 files added, 1 files changed.
[0m18:22:59.680808 [debug] [MainThread]: Partial parsing: added file: TornDBT://models/user/stg__user__basic.sql
[0m18:22:59.681883 [debug] [MainThread]: Partial parsing: updated file: TornDBT://models/source.yml
[0m18:23:00.135982 [debug] [MainThread]: Sending event: {'category': 'dbt', 'action': 'load_project', 'label': '103f2f47-4b2b-458c-b049-a69a83e9d0b2', 'context': [<snowplow_tracker.self_describing_json.SelfDescribingJson object at 0xff7a38706c00>]}
[0m18:23:00.270749 [debug] [MainThread]: Wrote artifact WritableManifest to /Workspace/Users/scod101@gmail.com/Torn/TornDBT/target/manifest.json
[0m18:23:00.311211 [debug] [MainThread]: Wrote artifact SemanticManifest to /Workspace/Users/scod101@gmail.com/Torn/TornDBT/target/semantic_manifest.json
[0m18:23:00.386907 [debug] [MainThread]: Sending event: {'category': 'dbt', 'action': 'resource_counts', 'label': '103f2f47-4b2b-458c-b049-a69a83e9d0b2', 'context': [<snowplow_tracker.self_describing_json.SelfDescribingJson object at 0xff7a3870d970>]}
[0m18:23:00.388309 [info ] [MainThread]: Found 3 models, 3 sources, 686 macros
[0m18:23:00.390925 [debug] [MainThread]: Sending event: {'category': 'dbt', 'action': 'runnable_timing', 'label': '103f2f47-4b2b-458c-b049-a69a83e9d0b2', 'context': [<snowplow_tracker.self_describing_json.SelfDescribingJson object at 0xff7a389ef230>]}
[0m18:23:00.393767 [info ] [MainThread]: 
[0m18:23:00.395583 [info ] [MainThread]: Concurrency: 1 threads (target='dev')
[0m18:23:00.397357 [info ] [MainThread]: 
[0m18:23:00.399703 [debug] [MainThread]: Databricks adapter: DatabricksDBTConnection(session-id=None, name=master) - Creating connection
[0m18:23:00.400484 [debug] [MainThread]: Acquiring new databricks connection 'master'
[0m18:23:00.408253 [debug] [ThreadPool]: Databricks adapter: DatabricksDBTConnection(session-id=None, name=list_torn) - Creating connection
[0m18:23:00.409673 [debug] [ThreadPool]: Acquiring new databricks connection 'list_torn'
[0m18:23:00.424896 [debug] [ThreadPool]: Using databricks connection "list_torn"
[0m18:23:00.427025 [debug] [ThreadPool]: On list_torn: /* {"app": "dbt", "dbt_version": "1.10.11", "dbt_databricks_version": "1.10.12", "databricks_sql_connector_version": "4.0.5", "profile_name": "TornDBT", "target_name": "dev", "connection_name": "list_torn"} */

    show databases
  
[0m18:23:00.427771 [debug] [ThreadPool]: Opening a new connection, currently in state init
[0m18:23:00.573571 [debug] [ThreadPool]: Databricks adapter: Connection(session-id=01f090ce-adff-126f-87af-039c690280da) - Created
[0m18:23:01.233242 [debug] [ThreadPool]: SQL status: OK in 0.810 seconds
[0m18:23:01.238792 [debug] [ThreadPool]: Databricks adapter: Cursor(session-id=01f090ce-adff-126f-87af-039c690280da, command-id=01f090ce-ae07-1f63-a564-2ced117eb4ac) - Closing
[0m18:23:01.241511 [debug] [ThreadPool]: On list_torn: Close
[0m18:23:01.242305 [debug] [ThreadPool]: Databricks adapter: Connection(session-id=01f090ce-adff-126f-87af-039c690280da) - Closing
[0m18:23:01.291672 [debug] [ThreadPool]: Databricks adapter: DatabricksDBTConnection(session-id=None, name=list_torn_staging) - Creating connection
[0m18:23:01.299390 [debug] [ThreadPool]: Acquiring new databricks connection 'list_torn_staging'
[0m18:23:01.312821 [debug] [ThreadPool]: Using databricks connection "list_torn_staging"
[0m18:23:01.318383 [debug] [ThreadPool]: On list_torn_staging: /* {"app": "dbt", "dbt_version": "1.10.11", "dbt_databricks_version": "1.10.12", "databricks_sql_connector_version": "4.0.5", "profile_name": "TornDBT", "target_name": "dev", "connection_name": "list_torn_staging"} */

    
SELECT
  table_name,
  if(table_type IN ('EXTERNAL', 'MANAGED', 'MANAGED_SHALLOW_CLONE', 'EXTERNAL_SHALLOW_CLONE'), 'table', lower(table_type)) AS table_type,
  lower(data_source_format) AS file_format,
  table_owner,
  if(
    table_type IN (
      'EXTERNAL',
      'MANAGED',
      'MANAGED_SHALLOW_CLONE',
      'EXTERNAL_SHALLOW_CLONE'
    ),
    lower(table_type),
    NULL
  ) AS databricks_table_type
FROM `system`.`information_schema`.`tables`
WHERE table_catalog = 'torn' 
  AND table_schema = 'staging'

  
[0m18:23:01.322688 [debug] [ThreadPool]: Opening a new connection, currently in state init
[0m18:23:01.430433 [debug] [ThreadPool]: Databricks adapter: Connection(session-id=01f090ce-ae85-142e-8390-3b3c253b070f) - Created
[0m18:23:01.981131 [debug] [ThreadPool]: SQL status: OK in 0.660 seconds
[0m18:23:01.984923 [debug] [ThreadPool]: Databricks adapter: Cursor(session-id=01f090ce-ae85-142e-8390-3b3c253b070f, command-id=01f090ce-ae8a-128e-aa17-ddc12f92c616) - Closing
[0m18:23:01.986140 [debug] [ThreadPool]: On list_torn_staging: Close
[0m18:23:01.989051 [debug] [ThreadPool]: Databricks adapter: Connection(session-id=01f090ce-ae85-142e-8390-3b3c253b070f) - Closing
[0m18:23:02.044475 [debug] [MainThread]: Sending event: {'category': 'dbt', 'action': 'runnable_timing', 'label': '103f2f47-4b2b-458c-b049-a69a83e9d0b2', 'context': [<snowplow_tracker.self_describing_json.SelfDescribingJson object at 0xff7a4456d160>]}
[0m18:23:02.049512 [debug] [Thread-1 (]: Began running node model.TornDBT.stg__user__attacks
[0m18:23:02.050681 [info ] [Thread-1 (]: 1 of 3 START sql table model staging.stg__user__attacks ........................ [RUN]
[0m18:23:02.054116 [debug] [Thread-1 (]: Databricks adapter: DatabricksDBTConnection(session-id=None, name=model.TornDBT.stg__user__attacks) - Creating connection
[0m18:23:02.056804 [debug] [Thread-1 (]: Acquiring new databricks connection 'model.TornDBT.stg__user__attacks'
[0m18:23:02.057623 [debug] [Thread-1 (]: Began compiling node model.TornDBT.stg__user__attacks
[0m18:23:02.160762 [debug] [Thread-1 (]: Writing injected SQL for node "model.TornDBT.stg__user__attacks"
[0m18:23:02.291674 [debug] [Thread-1 (]: Began executing node model.TornDBT.stg__user__attacks
[0m18:23:02.313960 [debug] [Thread-1 (]: MATERIALIZING TABLE
[0m18:23:02.331914 [warn ] [Thread-1 (]: [[33mWARNING[0m]: Use revamped materializations based on separating create and insert.  This allows more performant column comments, as well as new column features.
You may opt into the new behavior sooner by setting `flags.use_materialization_v2` to `True` in `dbt_project.yml`.
Visit https://docs.getdbt.com/reference/global-configs/behavior-changes for more information.
[0m18:23:02.339278 [debug] [Thread-1 (]: Sending event: {'category': 'dbt', 'action': 'BehaviorChangeEvent', 'label': '103f2f47-4b2b-458c-b049-a69a83e9d0b2', 'context': [<snowplow_tracker.self_describing_json.SelfDescribingJson object at 0xff7a388d62d0>]}
[0m18:23:02.418569 [debug] [Thread-1 (]: Writing runtime sql for node "model.TornDBT.stg__user__attacks"
[0m18:23:02.547121 [debug] [Thread-1 (]: Using databricks connection "model.TornDBT.stg__user__attacks"
[0m18:23:02.548220 [debug] [Thread-1 (]: On model.TornDBT.stg__user__attacks: /* {"app": "dbt", "dbt_version": "1.10.11", "dbt_databricks_version": "1.10.12", "databricks_sql_connector_version": "4.0.5", "profile_name": "TornDBT", "target_name": "dev", "node_id": "model.TornDBT.stg__user__attacks"} */

  
    
        create or replace table `torn`.`staging`.`stg__user__attacks`
      
      
  using delta
      
      
      
      
      
      
      
      as
      SELECT id,
  code,
  started,
  CAST(from_unixtime(started) AS TIMESTAMP) AS started_timestamp,
  ended,
  from_unixtime(ended) AS ended_timestamp,
  result,
  attacker.id AS AttackerID,
  attacker.name AS AttackerName,
  attacker.level AS AttackerLevel,
  attacker.faction.id AS AttackerFactionID,
  attacker.faction.name AS AttackerFactionName,
  defender.id AS DefenderID,
  defender.name AS DefenderName,
  defender.level AS DefenderLevel,
  defender.faction.id AS DefenderFactionID,
  defender.faction.name AS DefenderFactionName
 FROM `torn`.`user`.`attacks`
  
[0m18:23:02.549720 [debug] [Thread-1 (]: Opening a new connection, currently in state init
[0m18:23:02.676243 [debug] [Thread-1 (]: Databricks adapter: Connection(session-id=01f090ce-af40-1ad0-b629-e2fa93b74d62) - Created
[0m18:23:06.429888 [debug] [Thread-1 (]: SQL status: OK in 3.880 seconds
[0m18:23:06.433757 [debug] [Thread-1 (]: Databricks adapter: Cursor(session-id=01f090ce-af40-1ad0-b629-e2fa93b74d62, command-id=01f090ce-af48-192d-ac70-db6bb1bf3bd8) - Closing
[0m18:23:06.450566 [debug] [Thread-1 (]: Applying tags to relation None
[0m18:23:06.491468 [debug] [Thread-1 (]: On model.TornDBT.stg__user__attacks: Close
[0m18:23:06.500237 [debug] [Thread-1 (]: Databricks adapter: Connection(session-id=01f090ce-af40-1ad0-b629-e2fa93b74d62) - Closing
[0m18:23:06.566707 [debug] [Thread-1 (]: Sending event: {'category': 'dbt', 'action': 'run_model', 'label': '103f2f47-4b2b-458c-b049-a69a83e9d0b2', 'context': [<snowplow_tracker.self_describing_json.SelfDescribingJson object at 0xff7a4797c9e0>]}
[0m18:23:06.568023 [info ] [Thread-1 (]: 1 of 3 OK created sql table model staging.stg__user__attacks ................... [[32mOK[0m in 4.51s]
[0m18:23:06.572562 [debug] [Thread-1 (]: Finished running node model.TornDBT.stg__user__attacks
[0m18:23:06.573688 [debug] [Thread-1 (]: Began running node model.TornDBT.stg__user__base
[0m18:23:06.574886 [info ] [Thread-1 (]: 2 of 3 START sql table model staging.stg__user__base ........................... [RUN]
[0m18:23:06.577420 [debug] [Thread-1 (]: Databricks adapter: DatabricksDBTConnection(session-id=None, name=model.TornDBT.stg__user__base) - Creating connection
[0m18:23:06.578285 [debug] [Thread-1 (]: Acquiring new databricks connection 'model.TornDBT.stg__user__base'
[0m18:23:06.579212 [debug] [Thread-1 (]: Began compiling node model.TornDBT.stg__user__base
[0m18:23:06.583011 [debug] [Thread-1 (]: Writing injected SQL for node "model.TornDBT.stg__user__base"
[0m18:23:06.620409 [debug] [Thread-1 (]: Began executing node model.TornDBT.stg__user__base
[0m18:23:06.624112 [debug] [Thread-1 (]: MATERIALIZING TABLE
[0m18:23:06.627761 [debug] [Thread-1 (]: Writing runtime sql for node "model.TornDBT.stg__user__base"
[0m18:23:06.668061 [debug] [Thread-1 (]: Using databricks connection "model.TornDBT.stg__user__base"
[0m18:23:06.669495 [debug] [Thread-1 (]: On model.TornDBT.stg__user__base: /* {"app": "dbt", "dbt_version": "1.10.11", "dbt_databricks_version": "1.10.12", "databricks_sql_connector_version": "4.0.5", "profile_name": "TornDBT", "target_name": "dev", "node_id": "model.TornDBT.stg__user__base"} */

  
    
        create or replace table `torn`.`staging`.`stg__user__base`
      
      
  using delta
      
      
      
      
      
      
      
      as
      SELECT 
age,
  awards,
  donator_status,
  enemies,
  faction_id,
  forum_posts,
  friends,
  gender,
  honor_id,
  `id`,
  image,
  karma,
  last_action.status AS LastActionStatus,
  last_action.timestamp AS LastActionTimestamp,
  from_unixtime(last_action.timestamp) AS LastActionTimestampClean,
  last_action.relative AS LastActionRelative,
  level,
  life.current AS LifeCurrent,
  life.maximum AS LifeMaximum,
  `name`,
  rank,
  revivable,
  role,
  signed_up,
  from_unixtime(signed_up) AS SignedUpTimestamp,
  spouse.id AS SpouseID,
  spouse.name AS SpouseName,
  spouse.status AS SpouseStatus,
  spouse.days_married AS SpouseDaysMarried
 FROM `torn`.`user`.`base`
  
[0m18:23:06.670570 [debug] [Thread-1 (]: Opening a new connection, currently in state init
[0m18:23:06.774255 [debug] [Thread-1 (]: Databricks adapter: Connection(session-id=01f090ce-b1b3-1d72-9df2-d111847f44a0) - Created
[0m18:23:09.996334 [debug] [Thread-1 (]: SQL status: OK in 3.330 seconds
[0m18:23:09.998227 [debug] [Thread-1 (]: Databricks adapter: Cursor(session-id=01f090ce-b1b3-1d72-9df2-d111847f44a0, command-id=01f090ce-b1b9-149f-a8cd-8b73c2e1ebd7) - Closing
[0m18:23:10.000034 [debug] [Thread-1 (]: Applying tags to relation None
[0m18:23:10.002993 [debug] [Thread-1 (]: On model.TornDBT.stg__user__base: Close
[0m18:23:10.004608 [debug] [Thread-1 (]: Databricks adapter: Connection(session-id=01f090ce-b1b3-1d72-9df2-d111847f44a0) - Closing
[0m18:23:10.052277 [debug] [Thread-1 (]: Sending event: {'category': 'dbt', 'action': 'run_model', 'label': '103f2f47-4b2b-458c-b049-a69a83e9d0b2', 'context': [<snowplow_tracker.self_describing_json.SelfDescribingJson object at 0xff7a3890be30>]}
[0m18:23:10.053943 [info ] [Thread-1 (]: 2 of 3 OK created sql table model staging.stg__user__base ...................... [[32mOK[0m in 3.47s]
[0m18:23:10.056007 [debug] [Thread-1 (]: Finished running node model.TornDBT.stg__user__base
[0m18:23:10.056891 [debug] [Thread-1 (]: Began running node model.TornDBT.stg__user__basic
[0m18:23:10.057924 [info ] [Thread-1 (]: 3 of 3 START sql table model staging.stg__user__basic .......................... [RUN]
[0m18:23:10.059235 [debug] [Thread-1 (]: Databricks adapter: DatabricksDBTConnection(session-id=None, name=model.TornDBT.stg__user__basic) - Creating connection
[0m18:23:10.060450 [debug] [Thread-1 (]: Acquiring new databricks connection 'model.TornDBT.stg__user__basic'
[0m18:23:10.061180 [debug] [Thread-1 (]: Began compiling node model.TornDBT.stg__user__basic
[0m18:23:10.066013 [debug] [Thread-1 (]: Writing injected SQL for node "model.TornDBT.stg__user__basic"
[0m18:23:10.093681 [debug] [Thread-1 (]: Began executing node model.TornDBT.stg__user__basic
[0m18:23:10.096832 [debug] [Thread-1 (]: MATERIALIZING TABLE
[0m18:23:10.105718 [debug] [Thread-1 (]: Writing runtime sql for node "model.TornDBT.stg__user__basic"
[0m18:23:10.135056 [debug] [Thread-1 (]: Using databricks connection "model.TornDBT.stg__user__basic"
[0m18:23:10.136230 [debug] [Thread-1 (]: On model.TornDBT.stg__user__basic: /* {"app": "dbt", "dbt_version": "1.10.11", "dbt_databricks_version": "1.10.12", "databricks_sql_connector_version": "4.0.5", "profile_name": "TornDBT", "target_name": "dev", "node_id": "model.TornDBT.stg__user__basic"} */

  
    
        create or replace table `torn`.`staging`.`stg__user__basic`
      
      
  using delta
      
      
      
      
      
      
      
      as
      SELECT gender,
  id,
  level,
  name,
  status.description AS StatusDescription,
  status.details AS StatusDetails,
  status.state AS StatusState,
  status.until AS StatusUntil,
  status.color AS StatusColor,
  timeStamp
FROM `torn`.`user`.`basic`
  
[0m18:23:10.137183 [debug] [Thread-1 (]: Opening a new connection, currently in state init
[0m18:23:10.261811 [debug] [Thread-1 (]: Databricks adapter: Connection(session-id=01f090ce-b3c4-1fe5-bd6f-fe3b64fa53e3) - Created
[0m18:23:13.934700 [debug] [Thread-1 (]: SQL status: OK in 3.800 seconds
[0m18:23:13.936771 [debug] [Thread-1 (]: Databricks adapter: Cursor(session-id=01f090ce-b3c4-1fe5-bd6f-fe3b64fa53e3, command-id=01f090ce-b3cd-1dc8-b67c-73a2651ee90f) - Closing
[0m18:23:13.938286 [debug] [Thread-1 (]: Applying tags to relation None
[0m18:23:13.940626 [debug] [Thread-1 (]: On model.TornDBT.stg__user__basic: Close
[0m18:23:13.941391 [debug] [Thread-1 (]: Databricks adapter: Connection(session-id=01f090ce-b3c4-1fe5-bd6f-fe3b64fa53e3) - Closing
[0m18:23:13.986194 [debug] [Thread-1 (]: Sending event: {'category': 'dbt', 'action': 'run_model', 'label': '103f2f47-4b2b-458c-b049-a69a83e9d0b2', 'context': [<snowplow_tracker.self_describing_json.SelfDescribingJson object at 0xff7a387cf6e0>]}
[0m18:23:13.987827 [info ] [Thread-1 (]: 3 of 3 OK created sql table model staging.stg__user__basic ..................... [[32mOK[0m in 3.93s]
[0m18:23:13.991407 [debug] [Thread-1 (]: Finished running node model.TornDBT.stg__user__basic
[0m18:23:13.993104 [debug] [MainThread]: Databricks adapter: DatabricksDBTConnection(session-id=None, name=master) - Creating connection
[0m18:23:13.993992 [debug] [MainThread]: Acquiring new databricks connection 'master'
[0m18:23:13.995005 [info ] [MainThread]: 
[0m18:23:13.996516 [info ] [MainThread]: Finished running 3 table models in 0 hours 0 minutes and 13.60 seconds (13.60s).
[0m18:23:13.998808 [debug] [MainThread]: Command end result
[0m18:23:14.069471 [debug] [MainThread]: Wrote artifact WritableManifest to /Workspace/Users/scod101@gmail.com/Torn/TornDBT/target/manifest.json
[0m18:23:14.072761 [debug] [MainThread]: Wrote artifact SemanticManifest to /Workspace/Users/scod101@gmail.com/Torn/TornDBT/target/semantic_manifest.json
[0m18:23:14.119645 [debug] [MainThread]: Wrote artifact RunExecutionResult to /Workspace/Users/scod101@gmail.com/Torn/TornDBT/target/run_results.json
[0m18:23:14.120587 [info ] [MainThread]: 
[0m18:23:14.123743 [info ] [MainThread]: [32mCompleted successfully[0m
[0m18:23:14.135635 [info ] [MainThread]: 
[0m18:23:14.141522 [info ] [MainThread]: Done. PASS=3 WARN=0 ERROR=0 SKIP=0 NO-OP=0 TOTAL=3
[0m18:23:14.145105 [debug] [MainThread]: Resource report: {"command_name": "run", "command_success": true, "command_wall_clock_time": 18.974865, "process_in_blocks": "128", "process_kernel_time": 0.442025, "process_mem_max_rss": "236628", "process_out_blocks": "0", "process_user_time": 4.04138}
[0m18:23:14.147286 [debug] [MainThread]: Command `dbt run` succeeded at 18:23:14.147159 after 18.98 seconds
[0m18:23:14.148600 [debug] [MainThread]: Sending event: {'category': 'dbt', 'action': 'invocation', 'label': 'end', 'context': [<snowplow_tracker.self_describing_json.SelfDescribingJson object at 0xff7a47638860>, <snowplow_tracker.self_describing_json.SelfDescribingJson object at 0xff7a38736db0>, <snowplow_tracker.self_describing_json.SelfDescribingJson object at 0xff7a387344d0>]}
[0m18:23:14.149582 [debug] [MainThread]: Flushing usage events
[0m18:23:14.504000 [debug] [MainThread]: An error was encountered while trying to flush usage events
[0m16:56:56.299027 [debug] [MainThread]: Sending event: {'category': 'dbt', 'action': 'invocation', 'label': 'start', 'context': [<snowplow_tracker.self_describing_json.SelfDescribingJson object at 0xffc49af31df0>, <snowplow_tracker.self_describing_json.SelfDescribingJson object at 0xffc49cc57e90>, <snowplow_tracker.self_describing_json.SelfDescribingJson object at 0xffc49a6b54f0>]}


============================== 16:56:56.314607 | 179ae9db-51ae-462f-a746-c8529bc0bb7c ==============================
[0m16:56:56.314607 [info ] [MainThread]: Running with dbt=1.10.11
[0m16:56:56.315789 [debug] [MainThread]: running dbt with arguments {'invocation_command': 'dbt run', 'debug': 'False', 'profiles_dir': '/Workspace/Users/scod101@gmail.com/Torn/TornDBT', 'indirect_selection': 'eager', 'version_check': 'True', 'target_path': 'None', 'static_parser': 'True', 'quiet': 'False', 'use_experimental_parser': 'False', 'use_colors': 'True', 'introspect': 'True', 'partial_parse': 'True', 'log_cache_events': 'False', 'log_path': '/Workspace/Users/scod101@gmail.com/Torn/TornDBT/logs', 'empty': 'False', 'fail_fast': 'False', 'no_print': 'None', 'log_format': 'default', 'warn_error_options': 'WarnErrorOptionsV2(error=[], warn=[], silence=[])', 'cache_selected_only': 'False', 'send_anonymous_usage_stats': 'True', 'write_json': 'True', 'warn_error': 'None', 'printer_width': '80'}
[0m16:56:57.207660 [debug] [MainThread]: Spark adapter: Setting pyhive.hive logging to ERROR
[0m16:56:57.209096 [debug] [MainThread]: Spark adapter: Setting thrift.transport logging to ERROR
[0m16:56:57.209924 [debug] [MainThread]: Spark adapter: Setting thrift.protocol logging to ERROR
[0m16:56:58.002885 [debug] [MainThread]: Sending event: {'category': 'dbt', 'action': 'project_id', 'label': '179ae9db-51ae-462f-a746-c8529bc0bb7c', 'context': [<snowplow_tracker.self_describing_json.SelfDescribingJson object at 0xffc483ad8a70>]}
[0m16:56:58.180778 [debug] [MainThread]: Sending event: {'category': 'dbt', 'action': 'adapter_info', 'label': '179ae9db-51ae-462f-a746-c8529bc0bb7c', 'context': [<snowplow_tracker.self_describing_json.SelfDescribingJson object at 0xffc4982569c0>]}
[0m16:56:58.189741 [info ] [MainThread]: Registered adapter: databricks=1.10.12
[0m16:56:58.447567 [debug] [MainThread]: checksum: 5335e1629744fab92fa7809c625edbb36f0d7063a879d6215c971798f27e66f9, vars: {}, profile: , target: , version: 1.10.11
[0m16:56:59.947402 [debug] [MainThread]: Partial parsing enabled: 0 files deleted, 1 files added, 0 files changed.
[0m16:56:59.948848 [debug] [MainThread]: Partial parsing: added file: TornDBT://models/faction/stg__faction__attacks.sql
[0m16:57:00.213842 [debug] [MainThread]: Sending event: {'category': 'dbt', 'action': 'load_project', 'label': '179ae9db-51ae-462f-a746-c8529bc0bb7c', 'context': [<snowplow_tracker.self_describing_json.SelfDescribingJson object at 0xffc49b024cb0>]}
[0m16:57:00.353795 [debug] [MainThread]: Wrote artifact WritableManifest to /Workspace/Users/scod101@gmail.com/Torn/TornDBT/target/manifest.json
[0m16:57:00.390171 [debug] [MainThread]: Wrote artifact SemanticManifest to /Workspace/Users/scod101@gmail.com/Torn/TornDBT/target/semantic_manifest.json
[0m16:57:00.461920 [debug] [MainThread]: Sending event: {'category': 'dbt', 'action': 'resource_counts', 'label': '179ae9db-51ae-462f-a746-c8529bc0bb7c', 'context': [<snowplow_tracker.self_describing_json.SelfDescribingJson object at 0xffc48337db80>]}
[0m16:57:00.463107 [info ] [MainThread]: Found 4 models, 3 sources, 686 macros
[0m16:57:00.463936 [debug] [MainThread]: Sending event: {'category': 'dbt', 'action': 'runnable_timing', 'label': '179ae9db-51ae-462f-a746-c8529bc0bb7c', 'context': [<snowplow_tracker.self_describing_json.SelfDescribingJson object at 0xffc482ddfdd0>]}
[0m16:57:00.466577 [info ] [MainThread]: 
[0m16:57:00.467542 [info ] [MainThread]: Concurrency: 1 threads (target='dev')
[0m16:57:00.468645 [info ] [MainThread]: 
[0m16:57:00.470125 [debug] [MainThread]: Databricks adapter: DatabricksDBTConnection(session-id=None, name=master) - Creating connection
[0m16:57:00.470912 [debug] [MainThread]: Acquiring new databricks connection 'master'
[0m16:57:00.477865 [debug] [ThreadPool]: Databricks adapter: DatabricksDBTConnection(session-id=None, name=list_torn) - Creating connection
[0m16:57:00.478842 [debug] [ThreadPool]: Acquiring new databricks connection 'list_torn'
[0m16:57:00.489293 [debug] [ThreadPool]: Using databricks connection "list_torn"
[0m16:57:00.490495 [debug] [ThreadPool]: On list_torn: /* {"app": "dbt", "dbt_version": "1.10.11", "dbt_databricks_version": "1.10.12", "databricks_sql_connector_version": "4.0.5", "profile_name": "TornDBT", "target_name": "dev", "connection_name": "list_torn"} */

    show databases
  
[0m16:57:00.491485 [debug] [ThreadPool]: Opening a new connection, currently in state init
[0m16:57:00.659732 [debug] [ThreadPool]: Databricks adapter: Connection(session-id=01f094b0-7e83-16d7-a8d7-e39a5aaa9255) - Created
[0m16:57:01.342882 [debug] [ThreadPool]: SQL status: OK in 0.850 seconds
[0m16:57:01.356724 [debug] [ThreadPool]: Databricks adapter: Cursor(session-id=01f094b0-7e83-16d7-a8d7-e39a5aaa9255, command-id=01f094b0-7e8c-130c-86ad-3e526c523c72) - Closing
[0m16:57:01.358111 [debug] [ThreadPool]: On list_torn: Close
[0m16:57:01.358903 [debug] [ThreadPool]: Databricks adapter: Connection(session-id=01f094b0-7e83-16d7-a8d7-e39a5aaa9255) - Closing
[0m16:57:01.415423 [debug] [ThreadPool]: Databricks adapter: DatabricksDBTConnection(session-id=None, name=list_torn_staging) - Creating connection
[0m16:57:01.422975 [debug] [ThreadPool]: Acquiring new databricks connection 'list_torn_staging'
[0m16:57:01.430823 [debug] [ThreadPool]: Using databricks connection "list_torn_staging"
[0m16:57:01.431762 [debug] [ThreadPool]: On list_torn_staging: /* {"app": "dbt", "dbt_version": "1.10.11", "dbt_databricks_version": "1.10.12", "databricks_sql_connector_version": "4.0.5", "profile_name": "TornDBT", "target_name": "dev", "connection_name": "list_torn_staging"} */

    
SELECT
  table_name,
  if(table_type IN ('EXTERNAL', 'MANAGED', 'MANAGED_SHALLOW_CLONE', 'EXTERNAL_SHALLOW_CLONE'), 'table', lower(table_type)) AS table_type,
  lower(data_source_format) AS file_format,
  table_owner,
  if(
    table_type IN (
      'EXTERNAL',
      'MANAGED',
      'MANAGED_SHALLOW_CLONE',
      'EXTERNAL_SHALLOW_CLONE'
    ),
    lower(table_type),
    NULL
  ) AS databricks_table_type
FROM `system`.`information_schema`.`tables`
WHERE table_catalog = 'torn' 
  AND table_schema = 'staging'

  
[0m16:57:01.432506 [debug] [ThreadPool]: Opening a new connection, currently in state init
[0m16:57:01.547840 [debug] [ThreadPool]: Databricks adapter: Connection(session-id=01f094b0-7f0d-137b-bd1c-4d1f1d889487) - Created
[0m16:57:02.478031 [debug] [ThreadPool]: SQL status: OK in 1.050 seconds
[0m16:57:02.482697 [debug] [ThreadPool]: Databricks adapter: Cursor(session-id=01f094b0-7f0d-137b-bd1c-4d1f1d889487, command-id=01f094b0-7f13-123b-a874-0aa795f88658) - Closing
[0m16:57:02.483843 [debug] [ThreadPool]: On list_torn_staging: Close
[0m16:57:02.484742 [debug] [ThreadPool]: Databricks adapter: Connection(session-id=01f094b0-7f0d-137b-bd1c-4d1f1d889487) - Closing
[0m16:57:02.538298 [debug] [MainThread]: Sending event: {'category': 'dbt', 'action': 'runnable_timing', 'label': '179ae9db-51ae-462f-a746-c8529bc0bb7c', 'context': [<snowplow_tracker.self_describing_json.SelfDescribingJson object at 0xffc49a547440>]}
[0m16:57:02.545502 [debug] [Thread-1 (]: Began running node model.TornDBT.stg__faction__attacks
[0m16:57:02.546681 [info ] [Thread-1 (]: 1 of 4 START sql view model staging.stg__faction__attacks ...................... [RUN]
[0m16:57:02.547998 [debug] [Thread-1 (]: Databricks adapter: DatabricksDBTConnection(session-id=None, name=model.TornDBT.stg__faction__attacks) - Creating connection
[0m16:57:02.548964 [debug] [Thread-1 (]: Acquiring new databricks connection 'model.TornDBT.stg__faction__attacks'
[0m16:57:02.550037 [debug] [Thread-1 (]: Began compiling node model.TornDBT.stg__faction__attacks
[0m16:57:02.556453 [debug] [Thread-1 (]: Writing injected SQL for node "model.TornDBT.stg__faction__attacks"
[0m16:57:02.723046 [debug] [Thread-1 (]: Began executing node model.TornDBT.stg__faction__attacks
[0m16:57:02.741342 [debug] [Thread-1 (]: MATERIALIZING VIEW
[0m16:57:02.744006 [warn ] [Thread-1 (]: [[33mWARNING[0m]: Use revamped materializations based on separating create and insert.  This allows more performant column comments, as well as new column features.
You may opt into the new behavior sooner by setting `flags.use_materialization_v2` to `True` in `dbt_project.yml`.
Visit https://docs.getdbt.com/reference/global-configs/behavior-changes for more information.
[0m16:57:02.745044 [debug] [Thread-1 (]: Sending event: {'category': 'dbt', 'action': 'BehaviorChangeEvent', 'label': '179ae9db-51ae-462f-a746-c8529bc0bb7c', 'context': [<snowplow_tracker.self_describing_json.SelfDescribingJson object at 0xffc482dfdfa0>]}
[0m16:57:02.760111 [debug] [Thread-1 (]: Creating view `torn`.`staging`.`stg__faction__attacks`
[0m16:57:02.771406 [debug] [Thread-1 (]: Writing runtime sql for node "model.TornDBT.stg__faction__attacks"
[0m16:57:03.065838 [debug] [Thread-1 (]: Using databricks connection "model.TornDBT.stg__faction__attacks"
[0m16:57:03.066959 [debug] [Thread-1 (]: On model.TornDBT.stg__faction__attacks: /* {"app": "dbt", "dbt_version": "1.10.11", "dbt_databricks_version": "1.10.12", "databricks_sql_connector_version": "4.0.5", "profile_name": "TornDBT", "target_name": "dev", "node_id": "model.TornDBT.stg__faction__attacks"} */

  
  
  create or replace view `torn`.`staging`.`stg__faction__attacks`
  
  as (
    SELECT id,
  `code`,
  started,
  CAST(from_unixtime(started) AS TIMESTAMP) AS startedTimeStamp,
  ended,
  CAST(from_unixtime(ended) AS TIMESTAMP) AS endedTimeStamp,
  attacker.id AS AttackerID,
  attacker.name AS AttackerName,
  attacker.level AS AttackerLevel,
  attacker.faction.id AS AttackerFactionId,
  attacker.faction.name AS AttackerFactionName,
  defender.id AS DefenderID,
  defender.name AS DefenderName,
  defender.level AS DefenderLevel,
  defender.faction.id AS DefenderFactionId,
  defender.faction.name AS DefenderFactionName,
  respect_gain AS RespectGain,
  respect_loss AS RespectLoss,
  chain,
  is_interrupted AS IsInterrupted,
  is_stealthed AS IsStealthed,
  is_raid AS IsRaid,
  is_ranked_war AS IsRankedWar,
  modifiers.fair_fight as ModifiersFairFight,
  modifiers.war as ModifiersWar,
  modifiers.retaliation as ModifiersRetaliation,
  modifiers.`group` as ModifiersGroup,
  modifiers.overseas as ModifiersOverseas,
  modifiers.chain as ModifiersChain,
  modifiers.warlord as ModifiersWarlord
 FROM torn.faction.attacks
  )

[0m16:57:03.068248 [debug] [Thread-1 (]: Opening a new connection, currently in state init
[0m16:57:03.203263 [debug] [Thread-1 (]: Databricks adapter: Connection(session-id=01f094b0-800a-1c2a-bc95-966afed0a78a) - Created
[0m16:57:03.965436 [debug] [Thread-1 (]: SQL status: OK in 0.900 seconds
[0m16:57:03.967621 [debug] [Thread-1 (]: Databricks adapter: Cursor(session-id=01f094b0-800a-1c2a-bc95-966afed0a78a, command-id=01f094b0-800f-1e3d-9fe2-988c1c7c225f) - Closing
[0m16:57:03.980358 [debug] [Thread-1 (]: Applying tags to relation None
[0m16:57:03.983000 [debug] [Thread-1 (]: On model.TornDBT.stg__faction__attacks: Close
[0m16:57:03.983875 [debug] [Thread-1 (]: Databricks adapter: Connection(session-id=01f094b0-800a-1c2a-bc95-966afed0a78a) - Closing
[0m16:57:04.031327 [debug] [Thread-1 (]: Sending event: {'category': 'dbt', 'action': 'run_model', 'label': '179ae9db-51ae-462f-a746-c8529bc0bb7c', 'context': [<snowplow_tracker.self_describing_json.SelfDescribingJson object at 0xffc49b6051c0>]}
[0m16:57:04.032930 [info ] [Thread-1 (]: 1 of 4 OK created sql view model staging.stg__faction__attacks ................. [[32mOK[0m in 1.48s]
[0m16:57:04.037418 [debug] [Thread-1 (]: Finished running node model.TornDBT.stg__faction__attacks
[0m16:57:04.039650 [debug] [Thread-1 (]: Began running node model.TornDBT.stg__user__attacks
[0m16:57:04.044896 [info ] [Thread-1 (]: 2 of 4 START sql table model staging.stg__user__attacks ........................ [RUN]
[0m16:57:04.046055 [debug] [Thread-1 (]: Databricks adapter: DatabricksDBTConnection(session-id=None, name=model.TornDBT.stg__user__attacks) - Creating connection
[0m16:57:04.050261 [debug] [Thread-1 (]: Acquiring new databricks connection 'model.TornDBT.stg__user__attacks'
[0m16:57:04.052241 [debug] [Thread-1 (]: Began compiling node model.TornDBT.stg__user__attacks
[0m16:57:04.059350 [debug] [Thread-1 (]: Writing injected SQL for node "model.TornDBT.stg__user__attacks"
[0m16:57:04.258488 [debug] [Thread-1 (]: Began executing node model.TornDBT.stg__user__attacks
[0m16:57:04.278439 [debug] [Thread-1 (]: MATERIALIZING TABLE
[0m16:57:04.313643 [debug] [Thread-1 (]: Writing runtime sql for node "model.TornDBT.stg__user__attacks"
[0m16:57:04.383113 [debug] [Thread-1 (]: Using databricks connection "model.TornDBT.stg__user__attacks"
[0m16:57:04.384165 [debug] [Thread-1 (]: On model.TornDBT.stg__user__attacks: /* {"app": "dbt", "dbt_version": "1.10.11", "dbt_databricks_version": "1.10.12", "databricks_sql_connector_version": "4.0.5", "profile_name": "TornDBT", "target_name": "dev", "node_id": "model.TornDBT.stg__user__attacks"} */

  
    
        create or replace table `torn`.`staging`.`stg__user__attacks`
      
      
  using delta
      
      
      
      
      
      
      
      as
      SELECT id,
  code,
  started,
  CAST(from_unixtime(started) AS TIMESTAMP) AS started_timestamp,
  ended,
  from_unixtime(ended) AS ended_timestamp,
  result,
  attacker.id AS AttackerID,
  attacker.name AS AttackerName,
  attacker.level AS AttackerLevel,
  attacker.faction.id AS AttackerFactionID,
  attacker.faction.name AS AttackerFactionName,
  defender.id AS DefenderID,
  defender.name AS DefenderName,
  defender.level AS DefenderLevel,
  defender.faction.id AS DefenderFactionID,
  defender.faction.name AS DefenderFactionName
 FROM `torn`.`user`.`attacks`
  
[0m16:57:04.385071 [debug] [Thread-1 (]: Opening a new connection, currently in state init
[0m16:57:04.488789 [debug] [Thread-1 (]: Databricks adapter: Connection(session-id=01f094b0-80ce-17de-ae4b-9d965d823fad) - Created
[0m16:57:10.501550 [debug] [Thread-1 (]: SQL status: OK in 6.120 seconds
[0m16:57:10.503649 [debug] [Thread-1 (]: Databricks adapter: Cursor(session-id=01f094b0-80ce-17de-ae4b-9d965d823fad, command-id=01f094b0-80d3-1b07-a233-69d01c292447) - Closing
[0m16:57:10.590489 [debug] [Thread-1 (]: Applying tags to relation None
[0m16:57:10.607351 [debug] [Thread-1 (]: On model.TornDBT.stg__user__attacks: Close
[0m16:57:10.608433 [debug] [Thread-1 (]: Databricks adapter: Connection(session-id=01f094b0-80ce-17de-ae4b-9d965d823fad) - Closing
[0m16:57:10.655344 [debug] [Thread-1 (]: Sending event: {'category': 'dbt', 'action': 'run_model', 'label': '179ae9db-51ae-462f-a746-c8529bc0bb7c', 'context': [<snowplow_tracker.self_describing_json.SelfDescribingJson object at 0xffc48336c800>]}
[0m16:57:10.656644 [info ] [Thread-1 (]: 2 of 4 OK created sql table model staging.stg__user__attacks ................... [[32mOK[0m in 6.61s]
[0m16:57:10.659412 [debug] [Thread-1 (]: Finished running node model.TornDBT.stg__user__attacks
[0m16:57:10.660319 [debug] [Thread-1 (]: Began running node model.TornDBT.stg__user__base
[0m16:57:10.665168 [info ] [Thread-1 (]: 3 of 4 START sql table model staging.stg__user__base ........................... [RUN]
[0m16:57:10.666474 [debug] [Thread-1 (]: Databricks adapter: DatabricksDBTConnection(session-id=None, name=model.TornDBT.stg__user__base) - Creating connection
[0m16:57:10.668963 [debug] [Thread-1 (]: Acquiring new databricks connection 'model.TornDBT.stg__user__base'
[0m16:57:10.669811 [debug] [Thread-1 (]: Began compiling node model.TornDBT.stg__user__base
[0m16:57:10.673297 [debug] [Thread-1 (]: Writing injected SQL for node "model.TornDBT.stg__user__base"
[0m16:57:10.718861 [debug] [Thread-1 (]: Began executing node model.TornDBT.stg__user__base
[0m16:57:10.721870 [debug] [Thread-1 (]: MATERIALIZING TABLE
[0m16:57:10.725068 [debug] [Thread-1 (]: Writing runtime sql for node "model.TornDBT.stg__user__base"
[0m16:57:10.762526 [debug] [Thread-1 (]: Using databricks connection "model.TornDBT.stg__user__base"
[0m16:57:10.763748 [debug] [Thread-1 (]: On model.TornDBT.stg__user__base: /* {"app": "dbt", "dbt_version": "1.10.11", "dbt_databricks_version": "1.10.12", "databricks_sql_connector_version": "4.0.5", "profile_name": "TornDBT", "target_name": "dev", "node_id": "model.TornDBT.stg__user__base"} */

  
    
        create or replace table `torn`.`staging`.`stg__user__base`
      
      
  using delta
      
      
      
      
      
      
      
      as
      SELECT 
age,
  awards,
  donator_status,
  enemies,
  faction_id,
  forum_posts,
  friends,
  gender,
  honor_id,
  `id`,
  image,
  karma,
  last_action.status AS LastActionStatus,
  last_action.timestamp AS LastActionTimestamp,
  from_unixtime(last_action.timestamp) AS LastActionTimestampClean,
  last_action.relative AS LastActionRelative,
  level,
  life.current AS LifeCurrent,
  life.maximum AS LifeMaximum,
  `name`,
  rank,
  revivable,
  role,
  signed_up,
  from_unixtime(signed_up) AS SignedUpTimestamp,
  spouse.id AS SpouseID,
  spouse.name AS SpouseName,
  spouse.status AS SpouseStatus,
  spouse.days_married AS SpouseDaysMarried
 FROM `torn`.`user`.`base`
  
[0m16:57:10.764725 [debug] [Thread-1 (]: Opening a new connection, currently in state init
[0m16:57:10.860345 [debug] [Thread-1 (]: Databricks adapter: Connection(session-id=01f094b0-849b-1725-b01f-f9a87c88c464) - Created
[0m16:57:14.721716 [debug] [Thread-1 (]: SQL status: OK in 3.960 seconds
[0m16:57:14.723780 [debug] [Thread-1 (]: Databricks adapter: Cursor(session-id=01f094b0-849b-1725-b01f-f9a87c88c464, command-id=01f094b0-84a0-1258-80f9-b0a6537ca2ca) - Closing
[0m16:57:14.725852 [debug] [Thread-1 (]: Applying tags to relation None
[0m16:57:14.728326 [debug] [Thread-1 (]: On model.TornDBT.stg__user__base: Close
[0m16:57:14.729178 [debug] [Thread-1 (]: Databricks adapter: Connection(session-id=01f094b0-849b-1725-b01f-f9a87c88c464) - Closing
[0m16:57:14.780050 [debug] [Thread-1 (]: Sending event: {'category': 'dbt', 'action': 'run_model', 'label': '179ae9db-51ae-462f-a746-c8529bc0bb7c', 'context': [<snowplow_tracker.self_describing_json.SelfDescribingJson object at 0xffc48336e8a0>]}
[0m16:57:14.781516 [info ] [Thread-1 (]: 3 of 4 OK created sql table model staging.stg__user__base ...................... [[32mOK[0m in 4.11s]
[0m16:57:14.782798 [debug] [Thread-1 (]: Finished running node model.TornDBT.stg__user__base
[0m16:57:14.783990 [debug] [Thread-1 (]: Began running node model.TornDBT.stg__user__basic
[0m16:57:14.784989 [info ] [Thread-1 (]: 4 of 4 START sql table model staging.stg__user__basic .......................... [RUN]
[0m16:57:14.786820 [debug] [Thread-1 (]: Databricks adapter: DatabricksDBTConnection(session-id=None, name=model.TornDBT.stg__user__basic) - Creating connection
[0m16:57:14.787710 [debug] [Thread-1 (]: Acquiring new databricks connection 'model.TornDBT.stg__user__basic'
[0m16:57:14.788491 [debug] [Thread-1 (]: Began compiling node model.TornDBT.stg__user__basic
[0m16:57:14.796846 [debug] [Thread-1 (]: Writing injected SQL for node "model.TornDBT.stg__user__basic"
[0m16:57:14.843279 [debug] [Thread-1 (]: Began executing node model.TornDBT.stg__user__basic
[0m16:57:14.936098 [debug] [Thread-1 (]: MATERIALIZING TABLE
[0m16:57:14.939519 [debug] [Thread-1 (]: Writing runtime sql for node "model.TornDBT.stg__user__basic"
[0m16:57:14.973481 [debug] [Thread-1 (]: Using databricks connection "model.TornDBT.stg__user__basic"
[0m16:57:14.974447 [debug] [Thread-1 (]: On model.TornDBT.stg__user__basic: /* {"app": "dbt", "dbt_version": "1.10.11", "dbt_databricks_version": "1.10.12", "databricks_sql_connector_version": "4.0.5", "profile_name": "TornDBT", "target_name": "dev", "node_id": "model.TornDBT.stg__user__basic"} */

  
    
        create or replace table `torn`.`staging`.`stg__user__basic`
      
      
  using delta
      
      
      
      
      
      
      
      as
      SELECT gender,
  id,
  level,
  name,
  status.description AS StatusDescription,
  status.details AS StatusDetails,
  status.state AS StatusState,
  status.until AS StatusUntil,
  status.color AS StatusColor,
  timeStamp
FROM `torn`.`user`.`basic`
  
[0m16:57:14.975256 [debug] [Thread-1 (]: Opening a new connection, currently in state init
[0m16:57:15.094836 [debug] [Thread-1 (]: Databricks adapter: Connection(session-id=01f094b0-871e-1629-8067-a59369e9240c) - Created
[0m16:57:18.085242 [debug] [Thread-1 (]: SQL status: OK in 3.110 seconds
[0m16:57:18.087002 [debug] [Thread-1 (]: Databricks adapter: Cursor(session-id=01f094b0-871e-1629-8067-a59369e9240c, command-id=01f094b0-8726-14a1-9b5b-fe7392668f84) - Closing
[0m16:57:18.088965 [debug] [Thread-1 (]: Applying tags to relation None
[0m16:57:18.091348 [debug] [Thread-1 (]: On model.TornDBT.stg__user__basic: Close
[0m16:57:18.092122 [debug] [Thread-1 (]: Databricks adapter: Connection(session-id=01f094b0-871e-1629-8067-a59369e9240c) - Closing
[0m16:57:18.143597 [debug] [Thread-1 (]: Sending event: {'category': 'dbt', 'action': 'run_model', 'label': '179ae9db-51ae-462f-a746-c8529bc0bb7c', 'context': [<snowplow_tracker.self_describing_json.SelfDescribingJson object at 0xffc48047b920>]}
[0m16:57:18.145612 [info ] [Thread-1 (]: 4 of 4 OK created sql table model staging.stg__user__basic ..................... [[32mOK[0m in 3.36s]
[0m16:57:18.147256 [debug] [Thread-1 (]: Finished running node model.TornDBT.stg__user__basic
[0m16:57:18.151356 [debug] [MainThread]: Databricks adapter: DatabricksDBTConnection(session-id=None, name=master) - Creating connection
[0m16:57:18.152441 [debug] [MainThread]: Acquiring new databricks connection 'master'
[0m16:57:18.153580 [info ] [MainThread]: 
[0m16:57:18.154918 [info ] [MainThread]: Finished running 3 table models, 1 view model in 0 hours 0 minutes and 17.68 seconds (17.68s).
[0m16:57:18.157263 [debug] [MainThread]: Command end result
[0m16:57:18.210818 [debug] [MainThread]: Wrote artifact WritableManifest to /Workspace/Users/scod101@gmail.com/Torn/TornDBT/target/manifest.json
[0m16:57:18.213732 [debug] [MainThread]: Wrote artifact SemanticManifest to /Workspace/Users/scod101@gmail.com/Torn/TornDBT/target/semantic_manifest.json
[0m16:57:18.255198 [debug] [MainThread]: Wrote artifact RunExecutionResult to /Workspace/Users/scod101@gmail.com/Torn/TornDBT/target/run_results.json
[0m16:57:18.256443 [info ] [MainThread]: 
[0m16:57:18.257691 [info ] [MainThread]: [32mCompleted successfully[0m
[0m16:57:18.262323 [info ] [MainThread]: 
[0m16:57:18.263393 [info ] [MainThread]: Done. PASS=4 WARN=0 ERROR=0 SKIP=0 NO-OP=0 TOTAL=4
[0m16:57:18.265191 [debug] [MainThread]: Resource report: {"command_name": "run", "command_success": true, "command_wall_clock_time": 24.142418, "process_in_blocks": "34360", "process_kernel_time": 0.426062, "process_mem_max_rss": "233012", "process_out_blocks": "0", "process_user_time": 4.192937}
[0m16:57:18.266863 [debug] [MainThread]: Command `dbt run` succeeded at 16:57:18.266738 after 24.14 seconds
[0m16:57:18.267690 [debug] [MainThread]: Sending event: {'category': 'dbt', 'action': 'invocation', 'label': 'end', 'context': [<snowplow_tracker.self_describing_json.SelfDescribingJson object at 0xffc49b5bfa70>, <snowplow_tracker.self_describing_json.SelfDescribingJson object at 0xffc49b6057f0>, <snowplow_tracker.self_describing_json.SelfDescribingJson object at 0xffc49b606810>]}
[0m16:57:18.268940 [debug] [MainThread]: Flushing usage events
[0m16:57:18.623177 [debug] [MainThread]: An error was encountered while trying to flush usage events
[0m16:58:17.246589 [debug] [MainThread]: Sending event: {'category': 'dbt', 'action': 'invocation', 'label': 'start', 'context': [<snowplow_tracker.self_describing_json.SelfDescribingJson object at 0xffdd15c3a990>, <snowplow_tracker.self_describing_json.SelfDescribingJson object at 0xffdd166619a0>, <snowplow_tracker.self_describing_json.SelfDescribingJson object at 0xffdd15c3a210>]}


============================== 16:58:17.251433 | 6bd196e0-a291-438a-a5ba-bc4885351ae9 ==============================
[0m16:58:17.251433 [info ] [MainThread]: Running with dbt=1.10.11
[0m16:58:17.252552 [debug] [MainThread]: running dbt with arguments {'fail_fast': 'False', 'indirect_selection': 'eager', 'no_print': 'None', 'log_cache_events': 'False', 'cache_selected_only': 'False', 'quiet': 'False', 'target_path': 'None', 'write_json': 'True', 'send_anonymous_usage_stats': 'True', 'introspect': 'True', 'warn_error': 'None', 'debug': 'False', 'use_experimental_parser': 'False', 'log_format': 'default', 'log_path': '/Workspace/Users/scod101@gmail.com/Torn/TornDBT/logs', 'partial_parse': 'True', 'empty': 'None', 'printer_width': '80', 'warn_error_options': 'WarnErrorOptionsV2(error=[], warn=[], silence=[])', 'invocation_command': 'dbt clean', 'version_check': 'True', 'profiles_dir': '/Workspace/Users/scod101@gmail.com/Torn/TornDBT', 'static_parser': 'True', 'use_colors': 'True'}
[0m16:58:17.369762 [debug] [MainThread]: Sending event: {'category': 'dbt', 'action': 'project_id', 'label': '6bd196e0-a291-438a-a5ba-bc4885351ae9', 'context': [<snowplow_tracker.self_describing_json.SelfDescribingJson object at 0xffdd15aabf80>]}
[0m16:58:20.955647 [debug] [MainThread]: Resource report: {"command_name": "clean", "command_success": true, "command_wall_clock_time": 4.0779905, "process_in_blocks": "16", "process_kernel_time": 0.169225, "process_mem_max_rss": "98920", "process_out_blocks": "0", "process_user_time": 1.398126}
[0m16:58:20.956983 [debug] [MainThread]: Command `dbt clean` succeeded at 16:58:20.956853 after 4.08 seconds
[0m16:58:20.957918 [debug] [MainThread]: Sending event: {'category': 'dbt', 'action': 'invocation', 'label': 'end', 'context': [<snowplow_tracker.self_describing_json.SelfDescribingJson object at 0xffdd15e7bd10>, <snowplow_tracker.self_describing_json.SelfDescribingJson object at 0xffdd157dc770>, <snowplow_tracker.self_describing_json.SelfDescribingJson object at 0xffdd15c61040>]}
[0m16:58:20.958807 [debug] [MainThread]: Flushing usage events
[0m16:58:21.241163 [debug] [MainThread]: An error was encountered while trying to flush usage events
[0m16:58:27.141628 [debug] [MainThread]: Sending event: {'category': 'dbt', 'action': 'invocation', 'label': 'start', 'context': [<snowplow_tracker.self_describing_json.SelfDescribingJson object at 0xffc45fac1100>, <snowplow_tracker.self_describing_json.SelfDescribingJson object at 0xffc45fac06b0>, <snowplow_tracker.self_describing_json.SelfDescribingJson object at 0xffc45fac2ba0>]}


============================== 16:58:27.146862 | 92946449-f9a5-4804-aa5b-6ff5b53b3789 ==============================
[0m16:58:27.146862 [info ] [MainThread]: Running with dbt=1.10.11
[0m16:58:27.148842 [debug] [MainThread]: running dbt with arguments {'quiet': 'False', 'no_print': 'None', 'debug': 'False', 'static_parser': 'True', 'introspect': 'True', 'cache_selected_only': 'False', 'log_format': 'default', 'warn_error': 'None', 'partial_parse': 'True', 'warn_error_options': 'WarnErrorOptionsV2(error=[], warn=[], silence=[])', 'indirect_selection': 'eager', 'empty': 'False', 'invocation_command': 'dbt run', 'fail_fast': 'False', 'log_cache_events': 'False', 'write_json': 'True', 'version_check': 'True', 'log_path': '/Workspace/Users/scod101@gmail.com/Torn/TornDBT/logs', 'use_colors': 'True', 'printer_width': '80', 'profiles_dir': '/Workspace/Users/scod101@gmail.com/Torn/TornDBT', 'target_path': 'None', 'use_experimental_parser': 'False', 'send_anonymous_usage_stats': 'True'}
[0m16:58:28.090355 [debug] [MainThread]: Spark adapter: Setting pyhive.hive logging to ERROR
[0m16:58:28.098385 [debug] [MainThread]: Spark adapter: Setting thrift.transport logging to ERROR
[0m16:58:28.099490 [debug] [MainThread]: Spark adapter: Setting thrift.protocol logging to ERROR
[0m16:58:28.859091 [debug] [MainThread]: Sending event: {'category': 'dbt', 'action': 'project_id', 'label': '92946449-f9a5-4804-aa5b-6ff5b53b3789', 'context': [<snowplow_tracker.self_describing_json.SelfDescribingJson object at 0xffc44c41bdd0>]}
[0m16:58:28.946994 [debug] [MainThread]: Sending event: {'category': 'dbt', 'action': 'adapter_info', 'label': '92946449-f9a5-4804-aa5b-6ff5b53b3789', 'context': [<snowplow_tracker.self_describing_json.SelfDescribingJson object at 0xffc452fa7c20>]}
[0m16:58:28.948428 [info ] [MainThread]: Registered adapter: databricks=1.10.12
[0m16:58:29.142420 [debug] [MainThread]: checksum: 5335e1629744fab92fa7809c625edbb36f0d7063a879d6215c971798f27e66f9, vars: {}, profile: , target: , version: 1.10.11
[0m16:58:29.242024 [info ] [MainThread]: Unable to do partial parsing because saved manifest not found. Starting full parse.
[0m16:58:29.243806 [debug] [MainThread]: Sending event: {'category': 'dbt', 'action': 'partial_parser', 'label': '92946449-f9a5-4804-aa5b-6ff5b53b3789', 'context': [<snowplow_tracker.self_describing_json.SelfDescribingJson object at 0xffc44c403350>]}
[0m16:58:31.074976 [debug] [MainThread]: Sending event: {'category': 'dbt', 'action': 'load_project', 'label': '92946449-f9a5-4804-aa5b-6ff5b53b3789', 'context': [<snowplow_tracker.self_describing_json.SelfDescribingJson object at 0xffc44c59f860>]}
[0m16:58:31.248113 [debug] [MainThread]: Wrote artifact WritableManifest to /Workspace/Users/scod101@gmail.com/Torn/TornDBT/target/manifest.json
[0m16:58:31.251371 [debug] [MainThread]: Wrote artifact SemanticManifest to /Workspace/Users/scod101@gmail.com/Torn/TornDBT/target/semantic_manifest.json
[0m16:58:31.262045 [debug] [MainThread]: Sending event: {'category': 'dbt', 'action': 'resource_counts', 'label': '92946449-f9a5-4804-aa5b-6ff5b53b3789', 'context': [<snowplow_tracker.self_describing_json.SelfDescribingJson object at 0xffc447942c00>]}
[0m16:58:31.263054 [info ] [MainThread]: Found 4 models, 3 sources, 686 macros
[0m16:58:31.263971 [debug] [MainThread]: Sending event: {'category': 'dbt', 'action': 'runnable_timing', 'label': '92946449-f9a5-4804-aa5b-6ff5b53b3789', 'context': [<snowplow_tracker.self_describing_json.SelfDescribingJson object at 0xffc461af8c50>]}
[0m16:58:31.266366 [info ] [MainThread]: 
[0m16:58:31.267303 [info ] [MainThread]: Concurrency: 1 threads (target='dev')
[0m16:58:31.268608 [info ] [MainThread]: 
[0m16:58:31.269814 [debug] [MainThread]: Databricks adapter: DatabricksDBTConnection(session-id=None, name=master) - Creating connection
[0m16:58:31.270725 [debug] [MainThread]: Acquiring new databricks connection 'master'
[0m16:58:31.278644 [debug] [ThreadPool]: Databricks adapter: DatabricksDBTConnection(session-id=None, name=list_torn) - Creating connection
[0m16:58:31.279627 [debug] [ThreadPool]: Acquiring new databricks connection 'list_torn'
[0m16:58:31.290917 [debug] [ThreadPool]: Using databricks connection "list_torn"
[0m16:58:31.291954 [debug] [ThreadPool]: On list_torn: /* {"app": "dbt", "dbt_version": "1.10.11", "dbt_databricks_version": "1.10.12", "databricks_sql_connector_version": "4.0.5", "profile_name": "TornDBT", "target_name": "dev", "connection_name": "list_torn"} */

    show databases
  
[0m16:58:31.292820 [debug] [ThreadPool]: Opening a new connection, currently in state init
[0m16:58:31.400074 [debug] [ThreadPool]: Databricks adapter: Connection(session-id=01f094b0-b49c-1248-8e64-96242e2ac98a) - Created
[0m16:58:31.679303 [debug] [ThreadPool]: SQL status: OK in 0.390 seconds
[0m16:58:31.685464 [debug] [ThreadPool]: Databricks adapter: Cursor(session-id=01f094b0-b49c-1248-8e64-96242e2ac98a, command-id=01f094b0-b4a2-10ec-900a-ab7bda139942) - Closing
[0m16:58:31.686694 [debug] [ThreadPool]: On list_torn: Close
[0m16:58:31.687620 [debug] [ThreadPool]: Databricks adapter: Connection(session-id=01f094b0-b49c-1248-8e64-96242e2ac98a) - Closing
[0m16:58:31.736856 [debug] [ThreadPool]: Databricks adapter: DatabricksDBTConnection(session-id=None, name=list_torn_staging) - Creating connection
[0m16:58:31.737964 [debug] [ThreadPool]: Acquiring new databricks connection 'list_torn_staging'
[0m16:58:31.745973 [debug] [ThreadPool]: Using databricks connection "list_torn_staging"
[0m16:58:31.747061 [debug] [ThreadPool]: On list_torn_staging: /* {"app": "dbt", "dbt_version": "1.10.11", "dbt_databricks_version": "1.10.12", "databricks_sql_connector_version": "4.0.5", "profile_name": "TornDBT", "target_name": "dev", "connection_name": "list_torn_staging"} */

    
SELECT
  table_name,
  if(table_type IN ('EXTERNAL', 'MANAGED', 'MANAGED_SHALLOW_CLONE', 'EXTERNAL_SHALLOW_CLONE'), 'table', lower(table_type)) AS table_type,
  lower(data_source_format) AS file_format,
  table_owner,
  if(
    table_type IN (
      'EXTERNAL',
      'MANAGED',
      'MANAGED_SHALLOW_CLONE',
      'EXTERNAL_SHALLOW_CLONE'
    ),
    lower(table_type),
    NULL
  ) AS databricks_table_type
FROM `system`.`information_schema`.`tables`
WHERE table_catalog = 'torn' 
  AND table_schema = 'staging'

  
[0m16:58:31.747822 [debug] [ThreadPool]: Opening a new connection, currently in state init
[0m16:58:31.869609 [debug] [ThreadPool]: Databricks adapter: Connection(session-id=01f094b0-b4e1-1deb-8ebb-05e73da99990) - Created
[0m16:58:32.225138 [debug] [ThreadPool]: SQL status: OK in 0.480 seconds
[0m16:58:32.229829 [debug] [ThreadPool]: Databricks adapter: Cursor(session-id=01f094b0-b4e1-1deb-8ebb-05e73da99990, command-id=01f094b0-b4e9-1a9d-9707-74e7696716c5) - Closing
[0m16:58:32.231050 [debug] [ThreadPool]: On list_torn_staging: Close
[0m16:58:32.231828 [debug] [ThreadPool]: Databricks adapter: Connection(session-id=01f094b0-b4e1-1deb-8ebb-05e73da99990) - Closing
[0m16:58:32.280008 [debug] [MainThread]: Sending event: {'category': 'dbt', 'action': 'runnable_timing', 'label': '92946449-f9a5-4804-aa5b-6ff5b53b3789', 'context': [<snowplow_tracker.self_describing_json.SelfDescribingJson object at 0xffc46174bb60>]}
[0m16:58:32.283246 [debug] [Thread-1 (]: Began running node model.TornDBT.stg__faction__attacks
[0m16:58:32.284458 [info ] [Thread-1 (]: 1 of 4 START sql table model staging.stg__faction__attacks ..................... [RUN]
[0m16:58:32.285624 [debug] [Thread-1 (]: Databricks adapter: DatabricksDBTConnection(session-id=None, name=model.TornDBT.stg__faction__attacks) - Creating connection
[0m16:58:32.287285 [debug] [Thread-1 (]: Acquiring new databricks connection 'model.TornDBT.stg__faction__attacks'
[0m16:58:32.288565 [debug] [Thread-1 (]: Began compiling node model.TornDBT.stg__faction__attacks
[0m16:58:32.295295 [debug] [Thread-1 (]: Writing injected SQL for node "model.TornDBT.stg__faction__attacks"
[0m16:58:32.434482 [debug] [Thread-1 (]: Began executing node model.TornDBT.stg__faction__attacks
[0m16:58:32.452625 [debug] [Thread-1 (]: MATERIALIZING TABLE
[0m16:58:32.453960 [warn ] [Thread-1 (]: [[33mWARNING[0m]: Use revamped materializations based on separating create and insert.  This allows more performant column comments, as well as new column features.
You may opt into the new behavior sooner by setting `flags.use_materialization_v2` to `True` in `dbt_project.yml`.
Visit https://docs.getdbt.com/reference/global-configs/behavior-changes for more information.
[0m16:58:32.455773 [debug] [Thread-1 (]: Sending event: {'category': 'dbt', 'action': 'BehaviorChangeEvent', 'label': '92946449-f9a5-4804-aa5b-6ff5b53b3789', 'context': [<snowplow_tracker.self_describing_json.SelfDescribingJson object at 0xffc44c1230b0>]}
[0m16:58:32.466971 [debug] [Thread-1 (]: Applying DROP to: `torn`.`staging`.`stg__faction__attacks`
[0m16:58:32.472896 [debug] [Thread-1 (]: Using databricks connection "model.TornDBT.stg__faction__attacks"
[0m16:58:32.473890 [debug] [Thread-1 (]: On model.TornDBT.stg__faction__attacks: /* {"app": "dbt", "dbt_version": "1.10.11", "dbt_databricks_version": "1.10.12", "databricks_sql_connector_version": "4.0.5", "profile_name": "TornDBT", "target_name": "dev", "node_id": "model.TornDBT.stg__faction__attacks"} */
DROP VIEW IF EXISTS `torn`.`staging`.`stg__faction__attacks`
[0m16:58:32.474526 [debug] [Thread-1 (]: Opening a new connection, currently in state init
[0m16:58:32.576454 [debug] [Thread-1 (]: Databricks adapter: Connection(session-id=01f094b0-b550-122c-9afe-889364d662c3) - Created
[0m16:58:33.149023 [debug] [Thread-1 (]: SQL status: OK in 0.670 seconds
[0m16:58:33.150866 [debug] [Thread-1 (]: Databricks adapter: Cursor(session-id=01f094b0-b550-122c-9afe-889364d662c3, command-id=01f094b0-b555-141a-a2cd-2392eb8082f9) - Closing
[0m16:58:33.193227 [debug] [Thread-1 (]: Writing runtime sql for node "model.TornDBT.stg__faction__attacks"
[0m16:58:33.359887 [debug] [Thread-1 (]: Using databricks connection "model.TornDBT.stg__faction__attacks"
[0m16:58:33.361444 [debug] [Thread-1 (]: On model.TornDBT.stg__faction__attacks: /* {"app": "dbt", "dbt_version": "1.10.11", "dbt_databricks_version": "1.10.12", "databricks_sql_connector_version": "4.0.5", "profile_name": "TornDBT", "target_name": "dev", "node_id": "model.TornDBT.stg__faction__attacks"} */

  
    
        create or replace table `torn`.`staging`.`stg__faction__attacks`
      
      
  using delta
      
      
      
      
      
      
      
      as
      SELECT id,
  `code`,
  started,
  CAST(from_unixtime(started) AS TIMESTAMP) AS startedTimeStamp,
  ended,
  CAST(from_unixtime(ended) AS TIMESTAMP) AS endedTimeStamp,
  attacker.id AS AttackerID,
  attacker.name AS AttackerName,
  attacker.level AS AttackerLevel,
  attacker.faction.id AS AttackerFactionId,
  attacker.faction.name AS AttackerFactionName,
  defender.id AS DefenderID,
  defender.name AS DefenderName,
  defender.level AS DefenderLevel,
  defender.faction.id AS DefenderFactionId,
  defender.faction.name AS DefenderFactionName,
  respect_gain AS RespectGain,
  respect_loss AS RespectLoss,
  chain,
  is_interrupted AS IsInterrupted,
  is_stealthed AS IsStealthed,
  is_raid AS IsRaid,
  is_ranked_war AS IsRankedWar,
  modifiers.fair_fight as ModifiersFairFight,
  modifiers.war as ModifiersWar,
  modifiers.retaliation as ModifiersRetaliation,
  modifiers.`group` as ModifiersGroup,
  modifiers.overseas as ModifiersOverseas,
  modifiers.chain as ModifiersChain,
  modifiers.warlord as ModifiersWarlord
 FROM torn.faction.attacks
  
[0m16:58:37.123963 [debug] [Thread-1 (]: SQL status: OK in 3.760 seconds
[0m16:58:37.126277 [debug] [Thread-1 (]: Databricks adapter: Cursor(session-id=01f094b0-b550-122c-9afe-889364d662c3, command-id=01f094b0-b5cc-1ff5-8bb5-7ad10a52abe5) - Closing
[0m16:58:37.141648 [debug] [Thread-1 (]: Applying tags to relation None
[0m16:58:37.169106 [debug] [Thread-1 (]: On model.TornDBT.stg__faction__attacks: Close
[0m16:58:37.170213 [debug] [Thread-1 (]: Databricks adapter: Connection(session-id=01f094b0-b550-122c-9afe-889364d662c3) - Closing
[0m16:58:37.224028 [debug] [Thread-1 (]: Sending event: {'category': 'dbt', 'action': 'run_model', 'label': '92946449-f9a5-4804-aa5b-6ff5b53b3789', 'context': [<snowplow_tracker.self_describing_json.SelfDescribingJson object at 0xffc4601d9310>]}
[0m16:58:37.225583 [info ] [Thread-1 (]: 1 of 4 OK created sql table model staging.stg__faction__attacks ................ [[32mOK[0m in 4.94s]
[0m16:58:37.226866 [debug] [Thread-1 (]: Finished running node model.TornDBT.stg__faction__attacks
[0m16:58:37.227783 [debug] [Thread-1 (]: Began running node model.TornDBT.stg__user__attacks
[0m16:58:37.228980 [info ] [Thread-1 (]: 2 of 4 START sql table model staging.stg__user__attacks ........................ [RUN]
[0m16:58:37.230832 [debug] [Thread-1 (]: Databricks adapter: DatabricksDBTConnection(session-id=None, name=model.TornDBT.stg__user__attacks) - Creating connection
[0m16:58:37.231799 [debug] [Thread-1 (]: Acquiring new databricks connection 'model.TornDBT.stg__user__attacks'
[0m16:58:37.232823 [debug] [Thread-1 (]: Began compiling node model.TornDBT.stg__user__attacks
[0m16:58:37.236726 [debug] [Thread-1 (]: Writing injected SQL for node "model.TornDBT.stg__user__attacks"
[0m16:58:37.268186 [debug] [Thread-1 (]: Began executing node model.TornDBT.stg__user__attacks
[0m16:58:37.271303 [debug] [Thread-1 (]: MATERIALIZING TABLE
[0m16:58:37.274997 [debug] [Thread-1 (]: Writing runtime sql for node "model.TornDBT.stg__user__attacks"
[0m16:58:37.383869 [debug] [Thread-1 (]: Using databricks connection "model.TornDBT.stg__user__attacks"
[0m16:58:37.384992 [debug] [Thread-1 (]: On model.TornDBT.stg__user__attacks: /* {"app": "dbt", "dbt_version": "1.10.11", "dbt_databricks_version": "1.10.12", "databricks_sql_connector_version": "4.0.5", "profile_name": "TornDBT", "target_name": "dev", "node_id": "model.TornDBT.stg__user__attacks"} */

  
    
        create or replace table `torn`.`staging`.`stg__user__attacks`
      
      
  using delta
      
      
      
      
      
      
      
      as
      SELECT id,
  code,
  started,
  CAST(from_unixtime(started) AS TIMESTAMP) AS started_timestamp,
  ended,
  from_unixtime(ended) AS ended_timestamp,
  result,
  attacker.id AS AttackerID,
  attacker.name AS AttackerName,
  attacker.level AS AttackerLevel,
  attacker.faction.id AS AttackerFactionID,
  attacker.faction.name AS AttackerFactionName,
  defender.id AS DefenderID,
  defender.name AS DefenderName,
  defender.level AS DefenderLevel,
  defender.faction.id AS DefenderFactionID,
  defender.faction.name AS DefenderFactionName
 FROM `torn`.`user`.`attacks`
  
[0m16:58:37.385859 [debug] [Thread-1 (]: Opening a new connection, currently in state init
[0m16:58:37.493292 [debug] [Thread-1 (]: Databricks adapter: Connection(session-id=01f094b0-b83d-1dd8-9686-32582b50a3e4) - Created
[0m16:58:39.817555 [debug] [Thread-1 (]: SQL status: OK in 2.430 seconds
[0m16:58:39.819615 [debug] [Thread-1 (]: Databricks adapter: Cursor(session-id=01f094b0-b83d-1dd8-9686-32582b50a3e4, command-id=01f094b0-b843-1741-91a1-8c4c5da49ca8) - Closing
[0m16:58:39.821532 [debug] [Thread-1 (]: Applying tags to relation None
[0m16:58:39.824457 [debug] [Thread-1 (]: On model.TornDBT.stg__user__attacks: Close
[0m16:58:39.825526 [debug] [Thread-1 (]: Databricks adapter: Connection(session-id=01f094b0-b83d-1dd8-9686-32582b50a3e4) - Closing
[0m16:58:39.891678 [debug] [Thread-1 (]: Sending event: {'category': 'dbt', 'action': 'run_model', 'label': '92946449-f9a5-4804-aa5b-6ff5b53b3789', 'context': [<snowplow_tracker.self_describing_json.SelfDescribingJson object at 0xffc44c0e3590>]}
[0m16:58:39.897412 [info ] [Thread-1 (]: 2 of 4 OK created sql table model staging.stg__user__attacks ................... [[32mOK[0m in 2.66s]
[0m16:58:39.898640 [debug] [Thread-1 (]: Finished running node model.TornDBT.stg__user__attacks
[0m16:58:39.899490 [debug] [Thread-1 (]: Began running node model.TornDBT.stg__user__base
[0m16:58:39.900958 [info ] [Thread-1 (]: 3 of 4 START sql table model staging.stg__user__base ........................... [RUN]
[0m16:58:39.902171 [debug] [Thread-1 (]: Databricks adapter: DatabricksDBTConnection(session-id=None, name=model.TornDBT.stg__user__base) - Creating connection
[0m16:58:39.902986 [debug] [Thread-1 (]: Acquiring new databricks connection 'model.TornDBT.stg__user__base'
[0m16:58:39.903836 [debug] [Thread-1 (]: Began compiling node model.TornDBT.stg__user__base
[0m16:58:39.909689 [debug] [Thread-1 (]: Writing injected SQL for node "model.TornDBT.stg__user__base"
[0m16:58:39.912491 [debug] [Thread-1 (]: Began executing node model.TornDBT.stg__user__base
[0m16:58:39.915433 [debug] [Thread-1 (]: MATERIALIZING TABLE
[0m16:58:39.918656 [debug] [Thread-1 (]: Writing runtime sql for node "model.TornDBT.stg__user__base"
[0m16:58:39.920337 [debug] [Thread-1 (]: Using databricks connection "model.TornDBT.stg__user__base"
[0m16:58:39.921214 [debug] [Thread-1 (]: On model.TornDBT.stg__user__base: /* {"app": "dbt", "dbt_version": "1.10.11", "dbt_databricks_version": "1.10.12", "databricks_sql_connector_version": "4.0.5", "profile_name": "TornDBT", "target_name": "dev", "node_id": "model.TornDBT.stg__user__base"} */

  
    
        create or replace table `torn`.`staging`.`stg__user__base`
      
      
  using delta
      
      
      
      
      
      
      
      as
      SELECT 
age,
  awards,
  donator_status,
  enemies,
  faction_id,
  forum_posts,
  friends,
  gender,
  honor_id,
  `id`,
  image,
  karma,
  last_action.status AS LastActionStatus,
  last_action.timestamp AS LastActionTimestamp,
  from_unixtime(last_action.timestamp) AS LastActionTimestampClean,
  last_action.relative AS LastActionRelative,
  level,
  life.current AS LifeCurrent,
  life.maximum AS LifeMaximum,
  `name`,
  rank,
  revivable,
  role,
  signed_up,
  from_unixtime(signed_up) AS SignedUpTimestamp,
  spouse.id AS SpouseID,
  spouse.name AS SpouseName,
  spouse.status AS SpouseStatus,
  spouse.days_married AS SpouseDaysMarried
 FROM `torn`.`user`.`base`
  
[0m16:58:39.922482 [debug] [Thread-1 (]: Opening a new connection, currently in state init
[0m16:58:40.030686 [debug] [Thread-1 (]: Databricks adapter: Connection(session-id=01f094b0-b9c1-11fe-b098-387ad83db4f6) - Created
[0m16:58:42.920290 [debug] [Thread-1 (]: SQL status: OK in 3.000 seconds
[0m16:58:42.922494 [debug] [Thread-1 (]: Databricks adapter: Cursor(session-id=01f094b0-b9c1-11fe-b098-387ad83db4f6, command-id=01f094b0-b9c6-162b-8991-121b95117c2e) - Closing
[0m16:58:42.924519 [debug] [Thread-1 (]: Applying tags to relation None
[0m16:58:42.927003 [debug] [Thread-1 (]: On model.TornDBT.stg__user__base: Close
[0m16:58:42.927890 [debug] [Thread-1 (]: Databricks adapter: Connection(session-id=01f094b0-b9c1-11fe-b098-387ad83db4f6) - Closing
[0m16:58:42.977527 [debug] [Thread-1 (]: Sending event: {'category': 'dbt', 'action': 'run_model', 'label': '92946449-f9a5-4804-aa5b-6ff5b53b3789', 'context': [<snowplow_tracker.self_describing_json.SelfDescribingJson object at 0xffc447a5deb0>]}
[0m16:58:42.983244 [info ] [Thread-1 (]: 3 of 4 OK created sql table model staging.stg__user__base ...................... [[32mOK[0m in 3.08s]
[0m16:58:42.986001 [debug] [Thread-1 (]: Finished running node model.TornDBT.stg__user__base
[0m16:58:42.986976 [debug] [Thread-1 (]: Began running node model.TornDBT.stg__user__basic
[0m16:58:42.988000 [info ] [Thread-1 (]: 4 of 4 START sql table model staging.stg__user__basic .......................... [RUN]
[0m16:58:42.990514 [debug] [Thread-1 (]: Databricks adapter: DatabricksDBTConnection(session-id=None, name=model.TornDBT.stg__user__basic) - Creating connection
[0m16:58:42.991287 [debug] [Thread-1 (]: Acquiring new databricks connection 'model.TornDBT.stg__user__basic'
[0m16:58:42.991930 [debug] [Thread-1 (]: Began compiling node model.TornDBT.stg__user__basic
[0m16:58:42.995494 [debug] [Thread-1 (]: Writing injected SQL for node "model.TornDBT.stg__user__basic"
[0m16:58:42.997830 [debug] [Thread-1 (]: Began executing node model.TornDBT.stg__user__basic
[0m16:58:43.000465 [debug] [Thread-1 (]: MATERIALIZING TABLE
[0m16:58:43.003789 [debug] [Thread-1 (]: Writing runtime sql for node "model.TornDBT.stg__user__basic"
[0m16:58:43.006531 [debug] [Thread-1 (]: Using databricks connection "model.TornDBT.stg__user__basic"
[0m16:58:43.007284 [debug] [Thread-1 (]: On model.TornDBT.stg__user__basic: /* {"app": "dbt", "dbt_version": "1.10.11", "dbt_databricks_version": "1.10.12", "databricks_sql_connector_version": "4.0.5", "profile_name": "TornDBT", "target_name": "dev", "node_id": "model.TornDBT.stg__user__basic"} */

  
    
        create or replace table `torn`.`staging`.`stg__user__basic`
      
      
  using delta
      
      
      
      
      
      
      
      as
      SELECT gender,
  id,
  level,
  name,
  status.description AS StatusDescription,
  status.details AS StatusDetails,
  status.state AS StatusState,
  status.until AS StatusUntil,
  status.color AS StatusColor,
  timeStamp
FROM `torn`.`user`.`basic`
  
[0m16:58:43.007991 [debug] [Thread-1 (]: Opening a new connection, currently in state init
[0m16:58:43.122592 [debug] [Thread-1 (]: Databricks adapter: Connection(session-id=01f094b0-bb98-1207-b642-72adb2fb746f) - Created
[0m16:58:45.073843 [debug] [Thread-1 (]: SQL status: OK in 2.070 seconds
[0m16:58:45.075838 [debug] [Thread-1 (]: Databricks adapter: Cursor(session-id=01f094b0-bb98-1207-b642-72adb2fb746f, command-id=01f094b0-bb9e-188f-92d9-4b38f9f7f1b6) - Closing
[0m16:58:45.077635 [debug] [Thread-1 (]: Applying tags to relation None
[0m16:58:45.080162 [debug] [Thread-1 (]: On model.TornDBT.stg__user__basic: Close
[0m16:58:45.085020 [debug] [Thread-1 (]: Databricks adapter: Connection(session-id=01f094b0-bb98-1207-b642-72adb2fb746f) - Closing
[0m16:58:45.131754 [debug] [Thread-1 (]: Sending event: {'category': 'dbt', 'action': 'run_model', 'label': '92946449-f9a5-4804-aa5b-6ff5b53b3789', 'context': [<snowplow_tracker.self_describing_json.SelfDescribingJson object at 0xffc45f13b8c0>]}
[0m16:58:45.133144 [info ] [Thread-1 (]: 4 of 4 OK created sql table model staging.stg__user__basic ..................... [[32mOK[0m in 2.14s]
[0m16:58:45.134315 [debug] [Thread-1 (]: Finished running node model.TornDBT.stg__user__basic
[0m16:58:45.136109 [debug] [MainThread]: Databricks adapter: DatabricksDBTConnection(session-id=None, name=master) - Creating connection
[0m16:58:45.138299 [debug] [MainThread]: Acquiring new databricks connection 'master'
[0m16:58:45.139318 [info ] [MainThread]: 
[0m16:58:45.140355 [info ] [MainThread]: Finished running 4 table models in 0 hours 0 minutes and 13.87 seconds (13.87s).
[0m16:58:45.142895 [debug] [MainThread]: Command end result
[0m16:58:45.190187 [debug] [MainThread]: Wrote artifact WritableManifest to /Workspace/Users/scod101@gmail.com/Torn/TornDBT/target/manifest.json
[0m16:58:45.193300 [debug] [MainThread]: Wrote artifact SemanticManifest to /Workspace/Users/scod101@gmail.com/Torn/TornDBT/target/semantic_manifest.json
[0m16:58:45.199656 [debug] [MainThread]: Wrote artifact RunExecutionResult to /Workspace/Users/scod101@gmail.com/Torn/TornDBT/target/run_results.json
[0m16:58:45.200401 [info ] [MainThread]: 
[0m16:58:45.201292 [info ] [MainThread]: [32mCompleted successfully[0m
[0m16:58:45.202617 [info ] [MainThread]: 
[0m16:58:45.203618 [info ] [MainThread]: Done. PASS=4 WARN=0 ERROR=0 SKIP=0 NO-OP=0 TOTAL=4
[0m16:58:45.205724 [debug] [MainThread]: Resource report: {"command_name": "run", "command_success": true, "command_wall_clock_time": 18.494246, "process_in_blocks": "0", "process_kernel_time": 0.365502, "process_mem_max_rss": "236372", "process_out_blocks": "0", "process_user_time": 5.208406}
[0m16:58:45.206594 [debug] [MainThread]: Command `dbt run` succeeded at 16:58:45.206487 after 18.50 seconds
[0m16:58:45.207391 [debug] [MainThread]: Sending event: {'category': 'dbt', 'action': 'invocation', 'label': 'end', 'context': [<snowplow_tracker.self_describing_json.SelfDescribingJson object at 0xffc452fa5160>, <snowplow_tracker.self_describing_json.SelfDescribingJson object at 0xffc452fa6ae0>, <snowplow_tracker.self_describing_json.SelfDescribingJson object at 0xffc44c695cd0>]}
[0m16:58:45.208187 [debug] [MainThread]: Flushing usage events
[0m16:58:45.560701 [debug] [MainThread]: An error was encountered while trying to flush usage events
[0m18:22:59.091092 [debug] [MainThread]: Sending event: {'category': 'dbt', 'action': 'invocation', 'label': 'start', 'context': [<snowplow_tracker.self_describing_json.SelfDescribingJson object at 0xff1ad5a22f00>, <snowplow_tracker.self_describing_json.SelfDescribingJson object at 0xff1ad6550b60>, <snowplow_tracker.self_describing_json.SelfDescribingJson object at 0xff1ad6553470>]}


============================== 18:22:59.096906 | 0a1da222-7368-4660-a136-15307cc74956 ==============================
[0m18:22:59.096906 [info ] [MainThread]: Running with dbt=1.10.11
[0m18:22:59.098096 [debug] [MainThread]: running dbt with arguments {'fail_fast': 'False', 'static_parser': 'True', 'use_experimental_parser': 'False', 'invocation_command': 'dbt run', 'introspect': 'True', 'log_format': 'default', 'cache_selected_only': 'False', 'quiet': 'False', 'log_cache_events': 'False', 'warn_error_options': 'WarnErrorOptionsV2(error=[], warn=[], silence=[])', 'log_path': '/Workspace/Users/scod101@gmail.com/Torn/TornDBT/logs', 'warn_error': 'None', 'debug': 'False', 'indirect_selection': 'eager', 'write_json': 'True', 'no_print': 'None', 'target_path': 'None', 'send_anonymous_usage_stats': 'True', 'partial_parse': 'True', 'version_check': 'True', 'empty': 'False', 'use_colors': 'True', 'printer_width': '80', 'profiles_dir': '/Workspace/Users/scod101@gmail.com/Torn/TornDBT'}
[0m18:23:00.002564 [debug] [MainThread]: Spark adapter: Setting pyhive.hive logging to ERROR
[0m18:23:00.003861 [debug] [MainThread]: Spark adapter: Setting thrift.transport logging to ERROR
[0m18:23:00.005073 [debug] [MainThread]: Spark adapter: Setting thrift.protocol logging to ERROR
[0m18:23:00.750759 [debug] [MainThread]: Sending event: {'category': 'dbt', 'action': 'project_id', 'label': '0a1da222-7368-4660-a136-15307cc74956', 'context': [<snowplow_tracker.self_describing_json.SelfDescribingJson object at 0xff1ad51a0dd0>]}
[0m18:23:00.957728 [debug] [MainThread]: Sending event: {'category': 'dbt', 'action': 'adapter_info', 'label': '0a1da222-7368-4660-a136-15307cc74956', 'context': [<snowplow_tracker.self_describing_json.SelfDescribingJson object at 0xff1ac2052840>]}
[0m18:23:00.959411 [info ] [MainThread]: Registered adapter: databricks=1.10.12
[0m18:23:01.291330 [debug] [MainThread]: checksum: 5335e1629744fab92fa7809c625edbb36f0d7063a879d6215c971798f27e66f9, vars: {}, profile: , target: , version: 1.10.11
[0m18:23:03.569497 [debug] [MainThread]: Partial parsing enabled: 0 files deleted, 0 files added, 0 files changed.
[0m18:23:03.570706 [debug] [MainThread]: Partial parsing enabled, no changes found, skipping parsing
[0m18:23:03.607579 [debug] [MainThread]: Sending event: {'category': 'dbt', 'action': 'load_project', 'label': '0a1da222-7368-4660-a136-15307cc74956', 'context': [<snowplow_tracker.self_describing_json.SelfDescribingJson object at 0xff1ac1c5f860>]}
[0m18:23:03.741341 [debug] [MainThread]: Wrote artifact WritableManifest to /Workspace/Users/scod101@gmail.com/Torn/TornDBT/target/manifest.json
[0m18:23:03.774961 [debug] [MainThread]: Wrote artifact SemanticManifest to /Workspace/Users/scod101@gmail.com/Torn/TornDBT/target/semantic_manifest.json
[0m18:23:03.861272 [debug] [MainThread]: Sending event: {'category': 'dbt', 'action': 'resource_counts', 'label': '0a1da222-7368-4660-a136-15307cc74956', 'context': [<snowplow_tracker.self_describing_json.SelfDescribingJson object at 0xff1ac155d670>]}
[0m18:23:03.862705 [info ] [MainThread]: Found 4 models, 3 sources, 686 macros
[0m18:23:03.865237 [debug] [MainThread]: Sending event: {'category': 'dbt', 'action': 'runnable_timing', 'label': '0a1da222-7368-4660-a136-15307cc74956', 'context': [<snowplow_tracker.self_describing_json.SelfDescribingJson object at 0xff1ac1a7bc50>]}
[0m18:23:03.867931 [info ] [MainThread]: 
[0m18:23:03.869245 [info ] [MainThread]: Concurrency: 1 threads (target='dev')
[0m18:23:03.871100 [info ] [MainThread]: 
[0m18:23:03.873490 [debug] [MainThread]: Databricks adapter: DatabricksDBTConnection(session-id=None, name=master) - Creating connection
[0m18:23:03.874431 [debug] [MainThread]: Acquiring new databricks connection 'master'
[0m18:23:03.881793 [debug] [ThreadPool]: Databricks adapter: DatabricksDBTConnection(session-id=None, name=list_torn) - Creating connection
[0m18:23:03.882804 [debug] [ThreadPool]: Acquiring new databricks connection 'list_torn'
[0m18:23:03.895231 [debug] [ThreadPool]: Using databricks connection "list_torn"
[0m18:23:03.896233 [debug] [ThreadPool]: On list_torn: /* {"app": "dbt", "dbt_version": "1.10.11", "dbt_databricks_version": "1.10.12", "databricks_sql_connector_version": "4.0.5", "profile_name": "TornDBT", "target_name": "dev", "connection_name": "list_torn"} */

    show databases
  
[0m18:23:03.897097 [debug] [ThreadPool]: Opening a new connection, currently in state init
[0m18:23:04.104770 [debug] [ThreadPool]: Databricks adapter: Connection(session-id=01f09585-ae95-1e6a-9f63-bdafe554d7b2) - Created
[0m18:23:04.653807 [debug] [ThreadPool]: SQL status: OK in 0.760 seconds
[0m18:23:04.665186 [debug] [ThreadPool]: Databricks adapter: Cursor(session-id=01f09585-ae95-1e6a-9f63-bdafe554d7b2, command-id=01f09585-ae9c-169e-965b-2b92cd7603b5) - Closing
[0m18:23:04.666565 [debug] [ThreadPool]: On list_torn: Close
[0m18:23:04.667513 [debug] [ThreadPool]: Databricks adapter: Connection(session-id=01f09585-ae95-1e6a-9f63-bdafe554d7b2) - Closing
[0m18:23:04.720848 [debug] [ThreadPool]: Databricks adapter: DatabricksDBTConnection(session-id=None, name=list_torn_staging) - Creating connection
[0m18:23:04.721998 [debug] [ThreadPool]: Acquiring new databricks connection 'list_torn_staging'
[0m18:23:04.731982 [debug] [ThreadPool]: Using databricks connection "list_torn_staging"
[0m18:23:04.733105 [debug] [ThreadPool]: On list_torn_staging: /* {"app": "dbt", "dbt_version": "1.10.11", "dbt_databricks_version": "1.10.12", "databricks_sql_connector_version": "4.0.5", "profile_name": "TornDBT", "target_name": "dev", "connection_name": "list_torn_staging"} */

    
SELECT
  table_name,
  if(table_type IN ('EXTERNAL', 'MANAGED', 'MANAGED_SHALLOW_CLONE', 'EXTERNAL_SHALLOW_CLONE'), 'table', lower(table_type)) AS table_type,
  lower(data_source_format) AS file_format,
  table_owner,
  if(
    table_type IN (
      'EXTERNAL',
      'MANAGED',
      'MANAGED_SHALLOW_CLONE',
      'EXTERNAL_SHALLOW_CLONE'
    ),
    lower(table_type),
    NULL
  ) AS databricks_table_type
FROM `system`.`information_schema`.`tables`
WHERE table_catalog = 'torn' 
  AND table_schema = 'staging'

  
[0m18:23:04.733881 [debug] [ThreadPool]: Opening a new connection, currently in state init
[0m18:23:04.835154 [debug] [ThreadPool]: Databricks adapter: Connection(session-id=01f09585-af06-1b05-9832-04a0ba8c5429) - Created
[0m18:23:05.637480 [debug] [ThreadPool]: SQL status: OK in 0.900 seconds
[0m18:23:05.642235 [debug] [ThreadPool]: Databricks adapter: Cursor(session-id=01f09585-af06-1b05-9832-04a0ba8c5429, command-id=01f09585-af0c-13f4-9d31-766ffd0a0a02) - Closing
[0m18:23:05.643735 [debug] [ThreadPool]: On list_torn_staging: Close
[0m18:23:05.644741 [debug] [ThreadPool]: Databricks adapter: Connection(session-id=01f09585-af06-1b05-9832-04a0ba8c5429) - Closing
[0m18:23:05.698376 [debug] [MainThread]: Sending event: {'category': 'dbt', 'action': 'runnable_timing', 'label': '0a1da222-7368-4660-a136-15307cc74956', 'context': [<snowplow_tracker.self_describing_json.SelfDescribingJson object at 0xff1ad23abb90>]}
[0m18:23:05.702537 [debug] [Thread-1 (]: Began running node model.TornDBT.stg__faction__attacks
[0m18:23:05.703721 [info ] [Thread-1 (]: 1 of 4 START sql table model staging.stg__faction__attacks ..................... [RUN]
[0m18:23:05.706112 [debug] [Thread-1 (]: Databricks adapter: DatabricksDBTConnection(session-id=None, name=model.TornDBT.stg__faction__attacks) - Creating connection
[0m18:23:05.707089 [debug] [Thread-1 (]: Acquiring new databricks connection 'model.TornDBT.stg__faction__attacks'
[0m18:23:05.707966 [debug] [Thread-1 (]: Began compiling node model.TornDBT.stg__faction__attacks
[0m18:23:05.716649 [debug] [Thread-1 (]: Writing injected SQL for node "model.TornDBT.stg__faction__attacks"
[0m18:23:05.890466 [debug] [Thread-1 (]: Began executing node model.TornDBT.stg__faction__attacks
[0m18:23:05.910358 [debug] [Thread-1 (]: MATERIALIZING TABLE
[0m18:23:05.911798 [warn ] [Thread-1 (]: [[33mWARNING[0m]: Use revamped materializations based on separating create and insert.  This allows more performant column comments, as well as new column features.
You may opt into the new behavior sooner by setting `flags.use_materialization_v2` to `True` in `dbt_project.yml`.
Visit https://docs.getdbt.com/reference/global-configs/behavior-changes for more information.
[0m18:23:05.913232 [debug] [Thread-1 (]: Sending event: {'category': 'dbt', 'action': 'BehaviorChangeEvent', 'label': '0a1da222-7368-4660-a136-15307cc74956', 'context': [<snowplow_tracker.self_describing_json.SelfDescribingJson object at 0xff1ac15a04a0>]}
[0m18:23:05.959485 [debug] [Thread-1 (]: Writing runtime sql for node "model.TornDBT.stg__faction__attacks"
[0m18:23:06.142334 [debug] [Thread-1 (]: Using databricks connection "model.TornDBT.stg__faction__attacks"
[0m18:23:06.143572 [debug] [Thread-1 (]: On model.TornDBT.stg__faction__attacks: /* {"app": "dbt", "dbt_version": "1.10.11", "dbt_databricks_version": "1.10.12", "databricks_sql_connector_version": "4.0.5", "profile_name": "TornDBT", "target_name": "dev", "node_id": "model.TornDBT.stg__faction__attacks"} */

  
    
        create or replace table `torn`.`staging`.`stg__faction__attacks`
      
      
  using delta
      
      
      
      
      
      
      
      as
      SELECT id,
  `code`,
  started,
  CAST(from_unixtime(started) AS TIMESTAMP) AS startedTimeStamp,
  ended,
  CAST(from_unixtime(ended) AS TIMESTAMP) AS endedTimeStamp,
  attacker.id AS AttackerID,
  attacker.name AS AttackerName,
  attacker.level AS AttackerLevel,
  attacker.faction.id AS AttackerFactionId,
  attacker.faction.name AS AttackerFactionName,
  defender.id AS DefenderID,
  defender.name AS DefenderName,
  defender.level AS DefenderLevel,
  defender.faction.id AS DefenderFactionId,
  defender.faction.name AS DefenderFactionName,
  respect_gain AS RespectGain,
  respect_loss AS RespectLoss,
  chain,
  is_interrupted AS IsInterrupted,
  is_stealthed AS IsStealthed,
  is_raid AS IsRaid,
  is_ranked_war AS IsRankedWar,
  modifiers.fair_fight as ModifiersFairFight,
  modifiers.war as ModifiersWar,
  modifiers.retaliation as ModifiersRetaliation,
  modifiers.`group` as ModifiersGroup,
  modifiers.overseas as ModifiersOverseas,
  modifiers.chain as ModifiersChain,
  modifiers.warlord as ModifiersWarlord
 FROM torn.faction.attacks
  
[0m18:23:06.144517 [debug] [Thread-1 (]: Opening a new connection, currently in state init
[0m18:23:06.243944 [debug] [Thread-1 (]: Databricks adapter: Connection(session-id=01f09585-afde-1907-8d4c-b279d7111b84) - Created
[0m18:23:12.621010 [debug] [Thread-1 (]: SQL status: OK in 6.480 seconds
[0m18:23:12.623134 [debug] [Thread-1 (]: Databricks adapter: Cursor(session-id=01f09585-afde-1907-8d4c-b279d7111b84, command-id=01f09585-afe3-1595-8fc7-9da1f9ab0317) - Closing
[0m18:23:12.724241 [debug] [Thread-1 (]: Applying tags to relation None
[0m18:23:12.744245 [debug] [Thread-1 (]: On model.TornDBT.stg__faction__attacks: Close
[0m18:23:12.745553 [debug] [Thread-1 (]: Databricks adapter: Connection(session-id=01f09585-afde-1907-8d4c-b279d7111b84) - Closing
[0m18:23:12.812788 [debug] [Thread-1 (]: Sending event: {'category': 'dbt', 'action': 'run_model', 'label': '0a1da222-7368-4660-a136-15307cc74956', 'context': [<snowplow_tracker.self_describing_json.SelfDescribingJson object at 0xff1ad57c8cb0>]}
[0m18:23:12.814310 [info ] [Thread-1 (]: 1 of 4 OK created sql table model staging.stg__faction__attacks ................ [[32mOK[0m in 7.11s]
[0m18:23:12.815409 [debug] [Thread-1 (]: Finished running node model.TornDBT.stg__faction__attacks
[0m18:23:12.819382 [debug] [Thread-1 (]: Began running node model.TornDBT.stg__user__attacks
[0m18:23:12.820448 [info ] [Thread-1 (]: 2 of 4 START sql table model staging.stg__user__attacks ........................ [RUN]
[0m18:23:12.821607 [debug] [Thread-1 (]: Databricks adapter: DatabricksDBTConnection(session-id=None, name=model.TornDBT.stg__user__attacks) - Creating connection
[0m18:23:12.822622 [debug] [Thread-1 (]: Acquiring new databricks connection 'model.TornDBT.stg__user__attacks'
[0m18:23:12.823463 [debug] [Thread-1 (]: Began compiling node model.TornDBT.stg__user__attacks
[0m18:23:12.827232 [debug] [Thread-1 (]: Writing injected SQL for node "model.TornDBT.stg__user__attacks"
[0m18:23:12.908835 [debug] [Thread-1 (]: Began executing node model.TornDBT.stg__user__attacks
[0m18:23:12.912170 [debug] [Thread-1 (]: MATERIALIZING TABLE
[0m18:23:12.915728 [debug] [Thread-1 (]: Writing runtime sql for node "model.TornDBT.stg__user__attacks"
[0m18:23:12.985592 [debug] [Thread-1 (]: Using databricks connection "model.TornDBT.stg__user__attacks"
[0m18:23:12.986684 [debug] [Thread-1 (]: On model.TornDBT.stg__user__attacks: /* {"app": "dbt", "dbt_version": "1.10.11", "dbt_databricks_version": "1.10.12", "databricks_sql_connector_version": "4.0.5", "profile_name": "TornDBT", "target_name": "dev", "node_id": "model.TornDBT.stg__user__attacks"} */

  
    
        create or replace table `torn`.`staging`.`stg__user__attacks`
      
      
  using delta
      
      
      
      
      
      
      
      as
      SELECT id,
  code,
  started,
  CAST(from_unixtime(started) AS TIMESTAMP) AS started_timestamp,
  ended,
  from_unixtime(ended) AS ended_timestamp,
  result,
  attacker.id AS AttackerID,
  attacker.name AS AttackerName,
  attacker.level AS AttackerLevel,
  attacker.faction.id AS AttackerFactionID,
  attacker.faction.name AS AttackerFactionName,
  defender.id AS DefenderID,
  defender.name AS DefenderName,
  defender.level AS DefenderLevel,
  defender.faction.id AS DefenderFactionID,
  defender.faction.name AS DefenderFactionName
 FROM `torn`.`user`.`attacks`
  
[0m18:23:12.987700 [debug] [Thread-1 (]: Opening a new connection, currently in state init
[0m18:23:13.092437 [debug] [Thread-1 (]: Databricks adapter: Connection(session-id=01f09585-b3f2-179c-8bcb-4ffd045aa0d3) - Created
[0m18:23:16.574000 [debug] [Thread-1 (]: SQL status: OK in 3.590 seconds
[0m18:23:16.576298 [debug] [Thread-1 (]: Databricks adapter: Cursor(session-id=01f09585-b3f2-179c-8bcb-4ffd045aa0d3, command-id=01f09585-b3f8-15e5-b81a-223e10dc54e1) - Closing
[0m18:23:16.578173 [debug] [Thread-1 (]: Applying tags to relation None
[0m18:23:16.580809 [debug] [Thread-1 (]: On model.TornDBT.stg__user__attacks: Close
[0m18:23:16.582034 [debug] [Thread-1 (]: Databricks adapter: Connection(session-id=01f09585-b3f2-179c-8bcb-4ffd045aa0d3) - Closing
[0m18:23:16.642285 [debug] [Thread-1 (]: Sending event: {'category': 'dbt', 'action': 'run_model', 'label': '0a1da222-7368-4660-a136-15307cc74956', 'context': [<snowplow_tracker.self_describing_json.SelfDescribingJson object at 0xff1ac15a7d70>]}
[0m18:23:16.643831 [info ] [Thread-1 (]: 2 of 4 OK created sql table model staging.stg__user__attacks ................... [[32mOK[0m in 3.82s]
[0m18:23:16.645258 [debug] [Thread-1 (]: Finished running node model.TornDBT.stg__user__attacks
[0m18:23:16.646242 [debug] [Thread-1 (]: Began running node model.TornDBT.stg__user__base
[0m18:23:16.647276 [info ] [Thread-1 (]: 3 of 4 START sql table model staging.stg__user__base ........................... [RUN]
[0m18:23:16.648413 [debug] [Thread-1 (]: Databricks adapter: DatabricksDBTConnection(session-id=None, name=model.TornDBT.stg__user__base) - Creating connection
[0m18:23:16.649314 [debug] [Thread-1 (]: Acquiring new databricks connection 'model.TornDBT.stg__user__base'
[0m18:23:16.650202 [debug] [Thread-1 (]: Began compiling node model.TornDBT.stg__user__base
[0m18:23:16.656321 [debug] [Thread-1 (]: Writing injected SQL for node "model.TornDBT.stg__user__base"
[0m18:23:16.688804 [debug] [Thread-1 (]: Began executing node model.TornDBT.stg__user__base
[0m18:23:16.691760 [debug] [Thread-1 (]: MATERIALIZING TABLE
[0m18:23:16.695219 [debug] [Thread-1 (]: Writing runtime sql for node "model.TornDBT.stg__user__base"
[0m18:23:16.730694 [debug] [Thread-1 (]: Using databricks connection "model.TornDBT.stg__user__base"
[0m18:23:16.731770 [debug] [Thread-1 (]: On model.TornDBT.stg__user__base: /* {"app": "dbt", "dbt_version": "1.10.11", "dbt_databricks_version": "1.10.12", "databricks_sql_connector_version": "4.0.5", "profile_name": "TornDBT", "target_name": "dev", "node_id": "model.TornDBT.stg__user__base"} */

  
    
        create or replace table `torn`.`staging`.`stg__user__base`
      
      
  using delta
      
      
      
      
      
      
      
      as
      SELECT 
age,
  awards,
  donator_status,
  enemies,
  faction_id,
  forum_posts,
  friends,
  gender,
  honor_id,
  `id`,
  image,
  karma,
  last_action.status AS LastActionStatus,
  last_action.timestamp AS LastActionTimestamp,
  from_unixtime(last_action.timestamp) AS LastActionTimestampClean,
  last_action.relative AS LastActionRelative,
  level,
  life.current AS LifeCurrent,
  life.maximum AS LifeMaximum,
  `name`,
  rank,
  revivable,
  role,
  signed_up,
  from_unixtime(signed_up) AS SignedUpTimestamp,
  spouse.id AS SpouseID,
  spouse.name AS SpouseName,
  spouse.status AS SpouseStatus,
  spouse.days_married AS SpouseDaysMarried
 FROM `torn`.`user`.`base`
  
[0m18:23:16.732892 [debug] [Thread-1 (]: Opening a new connection, currently in state init
[0m18:23:16.845176 [debug] [Thread-1 (]: Databricks adapter: Connection(session-id=01f09585-b62e-1e7c-8087-85b57e6c6a98) - Created
[0m18:23:20.439902 [debug] [Thread-1 (]: SQL status: OK in 3.710 seconds
[0m18:23:20.441914 [debug] [Thread-1 (]: Databricks adapter: Cursor(session-id=01f09585-b62e-1e7c-8087-85b57e6c6a98, command-id=01f09585-b634-18c0-894b-dd5be89cc5e6) - Closing
[0m18:23:20.443860 [debug] [Thread-1 (]: Applying tags to relation None
[0m18:23:20.446358 [debug] [Thread-1 (]: On model.TornDBT.stg__user__base: Close
[0m18:23:20.447282 [debug] [Thread-1 (]: Databricks adapter: Connection(session-id=01f09585-b62e-1e7c-8087-85b57e6c6a98) - Closing
[0m18:23:20.492819 [debug] [Thread-1 (]: Sending event: {'category': 'dbt', 'action': 'run_model', 'label': '0a1da222-7368-4660-a136-15307cc74956', 'context': [<snowplow_tracker.self_describing_json.SelfDescribingJson object at 0xff1ac043f050>]}
[0m18:23:20.494275 [info ] [Thread-1 (]: 3 of 4 OK created sql table model staging.stg__user__base ...................... [[32mOK[0m in 3.84s]
[0m18:23:20.496906 [debug] [Thread-1 (]: Finished running node model.TornDBT.stg__user__base
[0m18:23:20.497986 [debug] [Thread-1 (]: Began running node model.TornDBT.stg__user__basic
[0m18:23:20.499015 [info ] [Thread-1 (]: 4 of 4 START sql table model staging.stg__user__basic .......................... [RUN]
[0m18:23:20.500184 [debug] [Thread-1 (]: Databricks adapter: DatabricksDBTConnection(session-id=None, name=model.TornDBT.stg__user__basic) - Creating connection
[0m18:23:20.501106 [debug] [Thread-1 (]: Acquiring new databricks connection 'model.TornDBT.stg__user__basic'
[0m18:23:20.501932 [debug] [Thread-1 (]: Began compiling node model.TornDBT.stg__user__basic
[0m18:23:20.505627 [debug] [Thread-1 (]: Writing injected SQL for node "model.TornDBT.stg__user__basic"
[0m18:23:20.539317 [debug] [Thread-1 (]: Began executing node model.TornDBT.stg__user__basic
[0m18:23:20.547928 [debug] [Thread-1 (]: MATERIALIZING TABLE
[0m18:23:20.551582 [debug] [Thread-1 (]: Writing runtime sql for node "model.TornDBT.stg__user__basic"
[0m18:23:20.591930 [debug] [Thread-1 (]: Using databricks connection "model.TornDBT.stg__user__basic"
[0m18:23:20.595080 [debug] [Thread-1 (]: On model.TornDBT.stg__user__basic: /* {"app": "dbt", "dbt_version": "1.10.11", "dbt_databricks_version": "1.10.12", "databricks_sql_connector_version": "4.0.5", "profile_name": "TornDBT", "target_name": "dev", "node_id": "model.TornDBT.stg__user__basic"} */

  
    
        create or replace table `torn`.`staging`.`stg__user__basic`
      
      
  using delta
      
      
      
      
      
      
      
      as
      SELECT gender,
  id,
  level,
  name,
  status.description AS StatusDescription,
  status.details AS StatusDetails,
  status.state AS StatusState,
  status.until AS StatusUntil,
  status.color AS StatusColor,
  timeStamp
FROM `torn`.`user`.`basic`
  
[0m18:23:20.596035 [debug] [Thread-1 (]: Opening a new connection, currently in state init
[0m18:23:20.707114 [debug] [Thread-1 (]: Databricks adapter: Connection(session-id=01f09585-b87b-1f04-ab4c-f2ba0d10cd0f) - Created
[0m18:23:23.484624 [debug] [Thread-1 (]: SQL status: OK in 2.890 seconds
[0m18:23:23.486667 [debug] [Thread-1 (]: Databricks adapter: Cursor(session-id=01f09585-b87b-1f04-ab4c-f2ba0d10cd0f, command-id=01f09585-b882-11c6-b446-1ca46b43e94f) - Closing
[0m18:23:23.488660 [debug] [Thread-1 (]: Applying tags to relation None
[0m18:23:23.491162 [debug] [Thread-1 (]: On model.TornDBT.stg__user__basic: Close
[0m18:23:23.492186 [debug] [Thread-1 (]: Databricks adapter: Connection(session-id=01f09585-b87b-1f04-ab4c-f2ba0d10cd0f) - Closing
[0m18:23:23.535991 [debug] [Thread-1 (]: Sending event: {'category': 'dbt', 'action': 'run_model', 'label': '0a1da222-7368-4660-a136-15307cc74956', 'context': [<snowplow_tracker.self_describing_json.SelfDescribingJson object at 0xff1ac0470b00>]}
[0m18:23:23.537420 [info ] [Thread-1 (]: 4 of 4 OK created sql table model staging.stg__user__basic ..................... [[32mOK[0m in 3.04s]
[0m18:23:23.538981 [debug] [Thread-1 (]: Finished running node model.TornDBT.stg__user__basic
[0m18:23:23.540956 [debug] [MainThread]: Databricks adapter: DatabricksDBTConnection(session-id=None, name=master) - Creating connection
[0m18:23:23.542014 [debug] [MainThread]: Acquiring new databricks connection 'master'
[0m18:23:23.543066 [info ] [MainThread]: 
[0m18:23:23.543978 [info ] [MainThread]: Finished running 4 table models in 0 hours 0 minutes and 19.67 seconds (19.67s).
[0m18:23:23.545640 [debug] [MainThread]: Command end result
[0m18:23:23.585831 [debug] [MainThread]: Wrote artifact WritableManifest to /Workspace/Users/scod101@gmail.com/Torn/TornDBT/target/manifest.json
[0m18:23:23.589046 [debug] [MainThread]: Wrote artifact SemanticManifest to /Workspace/Users/scod101@gmail.com/Torn/TornDBT/target/semantic_manifest.json
[0m18:23:23.630165 [debug] [MainThread]: Wrote artifact RunExecutionResult to /Workspace/Users/scod101@gmail.com/Torn/TornDBT/target/run_results.json
[0m18:23:23.631135 [info ] [MainThread]: 
[0m18:23:23.632104 [info ] [MainThread]: [32mCompleted successfully[0m
[0m18:23:23.633101 [info ] [MainThread]: 
[0m18:23:23.634046 [info ] [MainThread]: Done. PASS=4 WARN=0 ERROR=0 SKIP=0 NO-OP=0 TOTAL=4
[0m18:23:23.640363 [debug] [MainThread]: Resource report: {"command_name": "run", "command_success": true, "command_wall_clock_time": 25.444054, "process_in_blocks": "48504", "process_kernel_time": 0.503574, "process_mem_max_rss": "228632", "process_out_blocks": "0", "process_user_time": 3.932677}
[0m18:23:23.642199 [debug] [MainThread]: Command `dbt run` succeeded at 18:23:23.641953 after 25.45 seconds
[0m18:23:23.643327 [debug] [MainThread]: Sending event: {'category': 'dbt', 'action': 'invocation', 'label': 'end', 'context': [<snowplow_tracker.self_describing_json.SelfDescribingJson object at 0xff1ad47d1b50>, <snowplow_tracker.self_describing_json.SelfDescribingJson object at 0xff1ad4fd8530>, <snowplow_tracker.self_describing_json.SelfDescribingJson object at 0xff1ac2f83110>]}
[0m18:23:23.644477 [debug] [MainThread]: Flushing usage events
[0m18:23:24.000531 [debug] [MainThread]: An error was encountered while trying to flush usage events
